Country,City,Year,Month,Number_of_Tourists,Purpose_of_Visit,Average_Length_of_Stay,Tourist_Spending_USD,Hotel_Occupancy_Rate,Number_of_Hotels,Hotel_Rating,Average_Room_Price_USD,Tourism_Revenue_USD,Employment_in_Tourism,Contribution_to_GDP_Percent,Number_of_Flights,Airport_Passenger_Traffic,Transport_Infrastructure_Quality,Eco_Tourism_Revenue_USD,Carbon_Footprint_kg,Waste_Management_Rating,Tourist_Satisfaction_Score,Number_of_Online_Reviews
Italy,Venice,2022,2,171958,Cultural,12,1325,79,70,1-star,120,227923,21850,2.9,3944,225203,2.3,48484,21075968.92,7.5,9.7,2533
India,Mumbai,2020,3,55311,Religious,15,3279,70.6,302,Unrated,244,181347,46434,12.6,2547,704811,9.8,19620,7535713,6.6,6.9,1367
Japan,Tokyo,2022,4,81551,Leisure,8,4370,74,378,1-star,79,356356,15627,18.9,2561,255041,4.5,19240,15686948.95,3.2,8.4,875
United Kingdom,Manchester,2021,1,160510,Educational,4,2260,49.1,437,2-star,190,362716,16653,5.0,4343,221829,1.3,94513,44927014.38,4.6,9.6,7729
Egypt,Luxor,2022,12,141387,Cultural,3,1964,59.4,387,5-star,293,277683,26271,7.8,879,566588,2.3,69573,18354896.74,9.9,8.9,2127
Italy,Rome,2023,7,183767,Religious,2,4170,75.3,212,3-star,406,766231,17666,2.4,2778,900937,2,203646,64193350.75,4,5.3,2554
Japan,Osaka,2020,7,127373,Religious,6,3783,71.9,84,1-star,263,481881,13110,14.6,4340,264020,6.1,116973,37895790.6,5.7,7.1,7821
Brazil,Sao Paulo,2020,8,73419,Religious,3,641,71.8,101,1-star,303,47093,27403,18.2,2178,823290,2.8,13455,24929141.47,7.3,9.4,9889
United Arab Emirates,Dubai,2020,2,159556,Educational,13,4117,49.3,335,3-star,447,656815,23047,16.3,3802,437261,2,70269,43214644.13,8.4,9.3,7626
France,Paris,2024,8,71959,Leisure,9,2682,74.6,283,1-star,202,192975,39766,4.2,4243,643128,4.6,12779,14504499.71,3.2,8.5,7654
India,Delhi,2021,2,117172,Family Visit,6,666,70.5,179,1-star,235,78035,5854,6.3,3974,227789,2.3,13450,57913454,3.2,8.4,302
Turkey,Istanbul,2022,5,159751,Educational,5,3777,58.4,421,3-star,493,603375,28509,11.2,1108,405528,3.9,58304,18580647.86,6.3,8.4,6646
Greece,Athens,2022,2,174249,Educational,9,1519,72.3,357,Unrated,473,264724,23343,8.3,2885,323255,2.2,35808,25333959.04,9.3,9.4,362
Turkey,Antalya,2023,12,96843,Cultural,4,4920,65.8,418,4-star,159,476444,43191,19.3,3608,341999,6.7,64204,23211701.13,7.5,9.5,6395
Germany,Frankfurt,2021,4,170885,Educational,12,3389,44.2,469,4-star,454,579153,7557,18.9,2700,817836,3.6,73171,50282142.51,5,10,8452
United States,San Francisco,2023,10,88467,Medical,5,1964,77.3,433,2-star,385,173776,38986,13.5,3604,306687,1.8,24664,18231363.14,3.2,9.9,3536
Germany,Berlin,2021,9,126213,Business,14,2455,57.5,146,4-star,310,309824,46919,17.4,3567,221836,5.5,59796,51421903.12,1.4,10,2305
Spain,Seville,2021,11,93484,Religious,6,4476,77.4,86,3-star,468,418408,36216,11.5,1106,509451,8.7,51720,23748590.42,8.7,6.6,8419
United States,Miami,2020,9,76641,Cultural,9,4713,74.8,409,3-star,82,361186,12455,13.8,2186,872209,3.3,44723,17552345.25,8.6,5.7,7443
Egypt,Luxor,2023,5,155510,Religious,6,4142,80.5,458,5-star,325,644143,28355,10.7,4631,906748,2.7,43631,40232541.19,1.5,9.4,9458
China,Guangzhou,2024,7,194475,Religious,10,2473,73.6,100,4-star,260,480962,27677,12.2,2215,120313,8.4,67358,29331537.28,5.7,8.8,3151
Japan,Kyoto,2023,1,164692,Family Visit,8,4289,49.7,399,3-star,293,706380,44734,3.6,4864,283841,5.6,92352,68853521.92,3.4,7.2,9661
Greece,Athens,2023,4,140852,Leisure,4,864,61.4,445,3-star,234,121686,6081,18.4,3349,227247,5.9,27823,51281248.36,3.5,9.8,4170
Brazil,Sao Paulo,2022,6,79375,Medical,9,3253,61,125,4-star,305,258186,8506,15.4,3244,405612,2,15879,9230639.47,8.7,8.5,6717
United States,San Francisco,2020,12,171172,Family Visit,8,1279,61.7,72,5-star,72,218999,19069,13.1,3349,700419,4.4,45216,51566335.86,8.7,8.3,4711
Thailand,Bangkok,2023,9,77663,Cultural,3,3391,41.3,433,Unrated,336,263347,5851,11.9,4246,403824,5.1,49089,37013092.58,4.5,9.8,4013
Germany,Munich,2022,6,132986,Educational,5,812,45,435,1-star,68,108002,39850,7.4,4685,599639,4.5,23804,31417919.6,3.3,7.5,925
Mexico,Cancun,2023,9,139588,Family Visit,7,4715,42,266,3-star,412,658146,32384,11.4,3004,741095,8.3,195882,36997390.51,4.3,8.9,9979
Brazil,Sao Paulo,2021,8,188429,Educational,9,1574,74,328,3-star,390,296529,26352,8.2,4452,588685,5.5,43710,41276139.32,1.9,5.3,7500
Canada,Toronto,2023,9,109163,Educational,14,4778,68.7,416,4-star,87,521551,42259,7.2,3438,399652,7.8,129290,45395134.13,1.8,7.5,6641
Australia,Melbourne,2020,9,176174,Business,3,3817,67.3,380,3-star,103,672396,11731,14.1,1453,281915,8.8,174568,47643895.81,3,7,7038
Italy,Rome,2023,1,69065,Business,4,2810,51.7,185,2-star,218,194071,31432,17.7,2180,742440,6.3,26695,26470713.71,5.3,6.9,4286
Mexico,Cancun,2023,3,75289,Educational,14,1000,64.6,190,4-star,232,75318,8709,2.1,955,456332,8.4,17779,28038810.97,3.1,7,1631
France,Marseille,2024,6,78016,Cultural,3,2878,61.8,107,5-star,55,224504,27700,1.8,4675,536261,9.3,62812,15696512.38,7.3,5.4,6290
India,Delhi,2020,2,67640,Educational,5,1825,89.8,103,Unrated,313,123458,24087,15.0,1853,978479,1.5,18350,9652392.12,4,5.8,6919
United States,Los Angeles,2024,9,111529,Cultural,7,1532,53.3,406,1-star,488,170894,25159,9.6,3008,740907,3.4,14235,14552320.85,9.5,7.1,4904
France,Nice,2022,12,100990,Business,14,872,83.8,300,4-star,70,88101,6015,8.2,3636,674785,9.9,7718,34099504.38,4.4,9.8,7038
Canada,Montreal,2024,4,96540,Religious,3,666,46.7,454,4-star,75,64267,34189,14.1,3256,934574,7.7,17885,32250134.34,7.5,8.8,4278
Germany,Frankfurt,2023,7,194528,Religious,5,1423,52.6,222,4-star,323,276755,26949,17.7,2323,142193,4.2,21695,71708716.24,5.7,8.9,4463
South Africa,Johannesburg,2023,12,165765,Medical,15,898,79.6,450,1-star,110,148830,24758,9.0,1752,876196,6.8,37395,76460834.1,6.6,9.9,9621
Thailand,Chiang Mai,2024,11,105393,Business,10,2997,44.6,357,5-star,296,315828,36703,18.3,3677,303490,7.3,78678,29904075.25,8.6,8.8,6071
Greece,Santorini,2024,7,175911,Leisure,3,3294,57.4,175,5-star,335,579386,17015,7.5,1260,729574,2.2,50972,27359590.71,6.8,5.9,8572
Germany,Munich,2020,7,151570,Educational,9,4879,70.1,100,3-star,68,739510,26508,7.6,4400,335205,1.8,59278,43093095.15,2.9,6.8,7340
Singapore,Singapore City,2022,5,73321,Cultural,12,3326,44.1,399,2-star,121,243833,9432,6.3,2555,964032,6.4,72312,23069445.1,9.3,6.2,8250
Germany,Frankfurt,2022,3,117661,Family Visit,8,3864,41.8,361,Unrated,110,454597,10122,18.0,3297,498874,5.8,34910,32823294.6,5.8,6.2,8252
Turkey,Istanbul,2021,4,161076,Business,4,3038,82,135,3-star,197,489323,9632,17.9,3783,449384,7.1,121006,48222430.25,1.8,7.7,8043
Italy,Venice,2022,2,131264,Educational,9,2204,56.9,229,5-star,341,289369,39529,5.6,2862,853692,4,82014,13521996.26,3,6.8,6867
Singapore,Sentosa Island,2023,6,126125,Educational,4,4535,44,292,2-star,58,572032,9324,19.7,505,696465,6.2,159797,12879885.32,9.8,7.5,5660
Thailand,Phuket,2023,3,103441,Educational,9,3072,54,349,3-star,142,317798,35105,7.1,2310,239139,5.6,35149,15095634.4,6.5,6.4,1928
Spain,Madrid,2024,12,51917,Educational,4,2665,66.6,210,4-star,216,138366,5009,11.4,2173,969723,2.8,30599,7016439.49,2.2,5,2924
Egypt,Cairo,2021,11,143070,Religious,8,2353,57.4,354,2-star,433,336684,17219,19.3,4929,379588,7.6,95815,24678605.91,1.6,8.7,6051
Canada,Toronto,2024,7,137388,Business,4,4079,50.1,335,1-star,421,560364,20524,16.5,577,549097,9.2,72315,46069311.03,7.1,7.3,7043
India,Mumbai,2021,10,193026,Family Visit,10,2929,61.9,202,4-star,210,565375,16246,8.3,2497,964228,9.2,116501,28328344.48,9.5,8.1,8235
Turkey,Istanbul,2020,12,130910,Family Visit,13,2729,77.1,460,5-star,405,357307,15789,15.3,3568,900916,8,30651,23801773.08,7.4,7.5,1965
Mexico,Cancun,2020,2,96197,Family Visit,13,998,82.3,265,2-star,322,95989,40996,11.3,3728,64382,4.7,23323,10089259.58,6.4,7.8,893
Egypt,Luxor,2021,8,174714,Educational,10,4221,88,409,3-star,313,737396,17999,9.0,845,126077,6.5,204969,27193618.7,1.9,6.3,9931
Italy,Venice,2022,10,77306,Business,14,3043,74.8,425,4-star,60,235250,5126,3.9,1103,770670,6.5,36707,30503223.23,9.4,9.6,1892
Italy,Rome,2020,11,126589,Family Visit,5,1245,49.3,362,5-star,199,157583,42430,5.3,3208,717054,1.5,21085,53311866.08,1,6.7,8866
United States,New York,2020,10,113731,Religious,9,4639,57.3,259,1-star,266,527638,41368,12.2,1454,251579,9.2,59125,37650963.91,2.5,5.2,6420
United States,Las Vegas,2022,6,144270,Business,6,1490,50.6,98,3-star,130,215026,24816,3.8,4201,205989,1.8,64340,43407669.66,6.4,5.3,2582
Spain,Seville,2022,11,74442,Leisure,12,2072,63.4,354,3-star,66,154262,29861,16.9,2565,476752,8,25194,23058864.17,5,7,5897
United States,Los Angeles,2023,2,169614,Medical,3,2005,43.8,180,2-star,218,340013,39249,18.1,3951,963376,1.2,30274,65536965.45,6.9,5.1,6054
India,Mumbai,2023,8,80678,Leisure,11,589,45.2,288,Unrated,306,47495,44986,13.4,3554,522327,1.9,5262,31376220.61,8.7,9.2,4647
Thailand,Bangkok,2022,9,104771,Business,11,1422,54.7,481,3-star,89,149029,9425,2.6,2698,758754,2.1,40105,37421081.69,7.3,9.6,6952
China,Shanghai,2022,6,137955,Religious,6,4213,58.2,168,5-star,171,581202,19596,7.6,1779,244269,4.3,154174,25908529.8,9.8,8.9,2779
Germany,Berlin,2024,6,117642,Business,14,4099,61.3,164,1-star,281,482256,17808,11.3,736,936040,3.3,40914,51053345.17,9.9,7.6,9096
Singapore,Sentosa Island,2024,8,131994,Educational,13,2883,80.8,90,4-star,173,380602,44952,8.7,2122,623044,1.1,32055,60718224.24,8.9,8,6236
India,Jaipur,2022,3,97924,Medical,4,4615,60.9,239,Unrated,284,451905,25609,4.2,1886,242192,1.7,90737,19402626.49,4.5,6.4,7779
Germany,Berlin,2024,8,61046,Educational,10,4772,59.8,201,3-star,472,291304,28863,5.1,1250,294883,2.5,75850,26772525.43,9.6,5.8,253
Mexico,Puerto Vallarta,2024,1,182596,Leisure,7,2082,60.6,110,Unrated,360,380152,18350,2.4,4069,477236,1,110976,18643330.5,1.9,6.6,4190
United Kingdom,Edinburgh,2020,2,56960,Educational,4,4776,62.3,352,4-star,89,272045,49623,17.6,4562,757220,7.8,62849,20214684.31,9.8,9.5,5487
Thailand,Phuket,2020,8,127454,Leisure,11,732,73.5,337,4-star,368,93319,9806,20.0,3657,930889,3.8,7478,50014156.41,2.7,5.6,9118
South Africa,Johannesburg,2023,4,187809,Medical,12,747,62.8,492,2-star,423,140288,26776,13.4,3723,171826,6,23886,85265162.54,5.8,7.2,7226
United Arab Emirates,Dubai,2021,12,144071,Religious,9,4058,55.9,259,3-star,284,584676,18737,17.7,4021,173618,8.8,32343,64814757.87,5.8,9.7,3910
Brazil,Sao Paulo,2020,3,146122,Family Visit,15,2078,78.4,367,Unrated,266,303671,17984,12.0,2271,895038,4.6,22145,34272649.97,5.7,8.7,3860
Spain,Madrid,2020,8,52050,Educational,8,1837,82.6,195,Unrated,155,95590,45600,6.3,3132,447710,4.5,21021,9749045.95,9.5,8.9,9230
Germany,Munich,2023,10,181878,Educational,13,4751,63.4,382,1-star,495,864155,29262,19.8,1384,376898,5.6,93041,31030426.16,3,5.9,6502
China,Beijing,2020,12,195271,Cultural,7,760,88.5,226,1-star,283,148463,23297,11.0,2414,57657,5.6,25654,97349293.31,9.1,7.3,4976
Mexico,Cancun,2022,2,57287,Cultural,12,657,84.7,406,4-star,91,37631,23024,8.4,3182,567083,5.3,2299,25256544.38,1.3,6.6,9852
Thailand,Chiang Mai,2021,2,114772,Religious,12,1766,52.6,87,4-star,167,202717,8972,1.9,1413,942964,3,44763,14972276.4,8.7,7.5,417
Thailand,Phuket,2021,10,52396,Business,14,3071,73.1,89,2-star,305,160905,39080,17.7,2883,69623,3.2,14374,8601329.57,4,6.2,4386
Germany,Frankfurt,2020,10,119274,Cultural,12,1214,84,363,4-star,259,144765,17713,3.4,4008,479725,9.2,7279,38462608.11,7.8,6.3,5443
Singapore,Sentosa Island,2022,4,125418,Educational,15,3343,53,237,3-star,54,419292,6007,3.0,4026,79257,4.9,109029,32214928.25,2.6,8.8,377
Mexico,Puerto Vallarta,2023,10,194579,Religious,4,3969,87.4,241,4-star,369,772253,13073,10.0,521,333097,1.7,203183,96522732.09,7.1,7.2,9054
Thailand,Phuket,2023,6,137266,Medical,10,2226,43.3,82,2-star,196,305590,32570,5.8,4109,61745,3.5,91457,37126681.05,5.1,5.8,9178
China,Beijing,2020,9,125932,Family Visit,6,4280,78.6,133,5-star,345,538959,27042,17.5,3953,818747,1.3,125479,58408496.29,8.7,9.8,1782
Germany,Berlin,2021,3,178386,Leisure,6,1943,76.2,211,3-star,146,346665,31431,17.5,1291,557403,6.1,58199,56600650.92,2.4,6,3776
Canada,Montreal,2020,11,189783,Family Visit,12,4302,78.1,436,4-star,409,816355,43827,1.6,4399,888530,2.7,135127,19071812.55,6.4,8,1975
Spain,Barcelona,2022,8,84531,Family Visit,9,1515,48,263,5-star,312,128059,40201,16.2,894,997263,5.1,6775,10902703.15,4.5,7.4,8457
Italy,Venice,2022,10,56154,Business,11,4371,79,441,2-star,376,245424,8762,3.0,2948,89499,9.9,21014,16821226.15,6.6,8.5,9005
Canada,Toronto,2024,3,72431,Cultural,14,826,66.7,282,Unrated,208,59819,28116,2.5,1417,364470,2.2,11478,27218554.87,8.2,6,9178
Japan,Osaka,2020,1,112768,Medical,14,1059,84.8,58,1-star,471,119420,31015,6.7,1215,563287,9.5,24640,46614805.58,6.5,7.4,558
China,Beijing,2021,5,148511,Business,9,4178,62.6,52,4-star,68,620455,34545,9.3,2634,684379,2.4,166248,27873375.39,9.8,6.7,2027
Greece,Santorini,2023,1,78380,Medical,12,3464,64.9,131,2-star,59,271522,21082,5.3,811,839352,5.4,19110,20481050.19,3,7.1,452
India,Mumbai,2022,2,162340,Business,12,3842,61.3,53,5-star,381,623740,41221,19.8,2212,392962,6.2,99582,63329331.44,5.4,9.4,9733
Australia,Brisbane,2023,4,174677,Business,11,4965,54.2,174,4-star,145,867201,38297,13.0,3458,893488,2.2,198551,80982529.44,2.6,6.2,6577
Australia,Melbourne,2023,9,83142,Business,7,811,61.9,365,Unrated,232,67436,37781,10.8,3655,811985,1.9,14366,18695245.49,4.6,9.3,4456
Turkey,Antalya,2022,1,194832,Business,12,1089,88.5,352,5-star,156,212158,49738,9.4,3139,252332,4,54572,53063471.2,3.2,8.1,6756
South Africa,Johannesburg,2021,6,158856,Leisure,4,1254,41.8,470,1-star,211,199251,20563,10.0,4068,321991,8.3,39121,71057641.01,2.9,5.6,4053
Mexico,Cancun,2022,8,131537,Educational,4,1540,42.6,50,3-star,105,202579,25677,4.4,1508,900610,1.4,17642,65065046.59,9.7,5,7573
United Kingdom,London,2022,2,111212,Religious,13,2546,65.8,227,5-star,204,283182,18605,3.7,4903,440479,9.5,66045,18344726.11,2.7,8.7,6912
Thailand,Bangkok,2022,6,155823,Medical,5,4835,52.8,242,5-star,427,753414,20577,8.1,3985,498625,3.2,194169,69472677.06,7.9,5.6,4540
Japan,Tokyo,2022,12,104061,Family Visit,14,3203,87,191,5-star,227,333280,18380,12.0,3791,512785,10,20681,51080389.11,4.7,9.4,3928
Italy,Rome,2020,11,164044,Cultural,12,4666,61.9,131,4-star,445,765354,30426,17.5,4212,444583,3.7,162461,37951988.06,6.7,8,2290
Egypt,Luxor,2022,12,190180,Religious,7,2968,69.8,273,2-star,218,564502,27443,1.3,3838,810674,2.5,118909,76782841.71,5.5,7.7,6571
Canada,Montreal,2020,12,81348,Educational,13,990,47.4,353,4-star,311,80545,16563,10.1,542,470182,8.3,18488,39226776.65,1.2,6,9306
India,Jaipur,2020,2,109182,Leisure,3,4796,72.7,100,5-star,77,523634,18076,10.1,1463,843583,5.7,113903,51516691.56,5.8,7.9,205
Thailand,Phuket,2020,8,158177,Business,7,4895,81.2,399,3-star,132,774318,49139,4.4,4154,532238,2,148536,32050632.58,9.7,7.4,1898
United States,New York,2020,8,109189,Educational,9,695,71.7,428,3-star,51,75926,28669,10.8,1743,275160,8.1,16070,18552234.98,4.2,9.5,6395
Egypt,Cairo,2023,7,169503,Religious,9,1650,55.1,201,4-star,420,279748,12227,13.8,645,284386,6.6,45583,56723057.73,2.5,8.7,1349
United Kingdom,London,2022,3,67014,Family Visit,9,1303,55.6,468,2-star,323,87320,28711,13.1,1468,208285,6.7,5642,10501747.68,3.5,8,9869
Turkey,Istanbul,2021,3,81910,Leisure,11,571,57.1,351,5-star,97,46786,22625,7.4,1690,744892,1.7,3341,37488269.82,2.7,6.6,5289
Greece,Santorini,2022,11,118008,Family Visit,10,2491,81.6,493,5-star,410,293939,41378,13.2,3323,892981,6.3,64676,22696676.38,5.1,6,5349
Mexico,Mexico City,2021,5,175541,Cultural,9,3788,63.3,313,3-star,311,664937,35137,19.2,2368,885036,7.2,66649,55177991.02,1.9,7.3,3183
Japan,Osaka,2023,4,96479,Family Visit,11,4080,86.4,286,3-star,104,393588,34301,19.9,4443,243783,5.9,102533,29752501.88,6.6,5.4,4995
Italy,Rome,2024,11,169968,Medical,10,2781,48,191,4-star,103,472642,10782,6.0,2101,265400,1.8,134343,54648263.7,3.7,7,7674
Australia,Melbourne,2021,11,68073,Religious,10,2821,86,476,4-star,309,192004,10435,17.2,4607,802878,4.6,35508,23905877.58,7.1,7.7,7729
Canada,Montreal,2022,1,123861,Leisure,4,1454,80.9,448,1-star,231,180084,11721,3.9,3478,704801,9.6,34803,58597684.9,6.2,7.4,4359
China,Guangzhou,2023,2,55901,Leisure,4,4542,81.5,485,2-star,276,253912,28429,3.8,3029,295127,5.3,44822,10790041.39,1.7,8.9,8834
China,Guangzhou,2024,6,78179,Business,8,975,72,398,Unrated,58,76263,42947,7.9,2453,409177,2.9,13052,31404615.14,6.6,6.5,5178
Thailand,Chiang Mai,2022,2,94936,Religious,4,1046,55.2,420,4-star,130,99325,28291,12.7,2138,629111,8.3,20243,21123397.5,6.6,7.6,3402
United Kingdom,Edinburgh,2020,10,107009,Business,4,4490,62.5,56,2-star,286,480440,32605,16.7,2264,547660,7.9,25347,28513789.28,5.3,5.1,7858
United States,Los Angeles,2022,12,74022,Medical,4,2909,50.8,262,1-star,425,215323,21052,16.2,4768,706031,5.4,16673,23626622.92,5.1,9.2,8061
United Kingdom,Edinburgh,2022,10,60749,Business,4,1961,76.9,281,3-star,415,119131,33380,8.5,3993,306553,8.1,32525,29289150.75,8.1,6.6,6372
India,Delhi,2023,12,53631,Medical,5,4284,41.9,493,Unrated,402,229751,46674,10.4,1275,471818,5.1,24524,24442669.69,5.1,9.4,7183
France,Paris,2022,1,113936,Educational,8,715,41.9,136,1-star,372,81492,12788,16.2,3211,782176,9.6,19100,27492820.99,3.7,6.7,5430
France,Marseille,2023,8,175426,Family Visit,4,1283,44.9,399,3-star,424,225158,15759,6.0,2073,471486,1.7,65738,38274078.21,7.9,8.1,3109
India,Delhi,2021,6,147661,Family Visit,5,812,88,168,3-star,69,119848,39964,3.4,1269,371909,5.4,33566,45524957.84,6.5,5.8,621
Italy,Florence,2022,8,95838,Business,3,3193,44.8,364,Unrated,298,306048,44896,4.1,4583,969965,9.4,67023,28599893.11,1.1,10,9859
Spain,Barcelona,2021,6,170029,Medical,13,4309,85.9,67,1-star,336,732708,44933,9.8,801,991415,6,69716,20665882.83,3.9,8.8,9660
China,Beijing,2023,12,93541,Medical,9,3776,45.4,262,2-star,377,353188,29858,19.3,1986,227558,8.6,82364,29642664.18,6.3,7.5,8994
South Africa,Johannesburg,2023,12,199109,Educational,9,3600,83.7,416,3-star,445,716788,41068,4.0,861,827401,1.1,80044,77768926.25,9.9,5.5,5443
South Africa,Johannesburg,2022,3,145081,Medical,11,1899,77.1,351,3-star,327,275535,30498,14.1,2659,481116,5.8,49883,63722348.63,8.6,9.2,1137
Italy,Florence,2021,1,195016,Family Visit,15,2156,56.3,292,4-star,429,420402,17087,10.5,1197,674771,4.5,88638,80377777.1,3,5.7,8009
Mexico,Cancun,2024,10,153892,Educational,2,1303,41.5,479,3-star,210,200472,38848,8.4,2820,339910,8.9,35589,59919682.48,1.9,6.1,6743
South Africa,Cape Town,2022,2,86727,Family Visit,10,3544,80.2,208,3-star,60,307370,48922,10.5,1163,92092,7.7,90825,15952286.68,8.4,7.6,5569
Turkey,Antalya,2022,12,78854,Religious,12,1561,58.6,162,1-star,319,123119,32386,15.6,1519,595909,6.8,19122,27951451.97,8.1,5.6,1833
Turkey,Istanbul,2024,5,134045,Business,12,3830,87.5,374,3-star,133,513384,35268,19.6,4196,551597,8.5,60717,41182847.29,3.7,9.7,1549
Turkey,Istanbul,2022,2,75122,Cultural,8,4427,82.1,470,2-star,266,332587,30279,10.2,2125,200787,1.4,91787,34838284,8,5,785
India,Delhi,2022,12,57531,Medical,4,3881,72.8,85,1-star,56,223289,6431,2.1,2961,714917,3.4,24951,26608192.91,3.2,6.4,2114
Brazil,Rio de Janeiro,2021,1,190905,Medical,13,1707,47.8,277,5-star,65,325804,7643,12.8,1374,416008,4.1,41963,78031099.69,1.8,6.2,771
Italy,Florence,2020,2,188999,Business,9,1076,84.1,454,5-star,74,203353,7539,16.0,4760,461961,9.8,17537,73721382.94,2.7,6.7,8662
United States,San Francisco,2023,6,137896,Medical,14,4853,49.2,210,1-star,118,669223,29259,8.9,1097,855878,5.9,197507,26333143.94,4.6,7.7,6666
Singapore,Sentosa Island,2021,2,94629,Family Visit,9,3258,51.3,147,1-star,268,308306,18140,3.7,3637,695961,5.2,47153,34103287.29,5.9,5.3,8203
Turkey,Istanbul,2021,1,80651,Medical,7,4901,79.7,98,Unrated,141,395293,23708,4.1,1591,735933,7.8,21538,12138097.53,6.9,5.8,881
South Africa,Cape Town,2020,9,164586,Cultural,14,3021,77.5,418,1-star,62,497185,21280,2.8,4470,224023,3.5,73425,69017110.63,4.3,7.3,2526
Spain,Madrid,2023,12,153850,Family Visit,12,4840,50.2,123,3-star,92,744656,38243,15.4,984,311716,3.8,156876,27437043.61,9.1,7.6,7071
Thailand,Phuket,2022,3,135445,Cultural,12,1925,82.9,308,Unrated,454,260790,6898,19.7,3476,961579,2.8,25050,61979074.51,6.9,5.8,2407
Greece,Santorini,2022,4,89901,Family Visit,10,876,84.1,61,3-star,383,78716,49918,19.4,1074,81852,9.9,17080,31813132.85,2.5,9.4,9886
Brazil,Sao Paulo,2023,6,58438,Leisure,4,3591,44.7,245,5-star,374,209843,29217,2.5,726,720396,4,26046,27307095.63,2,8.8,7644
Singapore,Sentosa Island,2023,5,199960,Religious,7,2724,81.4,335,5-star,128,544683,41116,3.1,1741,271373,7.5,84442,92410304.18,7.7,6,1198
Brazil,Rio de Janeiro,2024,11,155400,Medical,8,3098,76.9,157,5-star,262,481370,45718,5.8,4884,239139,7.7,36866,35115401.63,1,8.4,6444
Italy,Florence,2022,9,88547,Educational,5,4267,54,240,3-star,203,377803,38209,10.7,1836,493316,6.9,107514,39711717.32,7.9,8.9,7474
Egypt,Luxor,2022,2,191521,Leisure,11,4434,40,492,2-star,100,849208,20223,8.2,641,314803,4.4,69815,50773069.7,8.2,7.4,8572
China,Beijing,2024,9,111709,Religious,14,1760,82.9,132,1-star,488,196627,24330,15.3,2831,841507,9.8,40375,36157290.23,6.7,7.7,3090
China,Beijing,2024,8,106307,Religious,4,3667,67,473,4-star,168,389784,11816,9.9,2262,192312,3.7,91910,12677868.19,9.1,9.3,7904
United Kingdom,London,2024,3,139709,Cultural,6,4951,71.3,65,5-star,158,691648,36600,6.4,2815,235378,3.4,171038,46011725.49,6.9,6.3,7951
Egypt,Luxor,2024,7,66288,Leisure,12,2864,41.6,84,Unrated,423,189821,49096,1.5,842,82174,1.7,52707,18943340.15,2.2,6.7,6848
China,Beijing,2024,5,195639,Leisure,14,2504,79.4,228,4-star,157,489804,22862,3.5,1271,605083,5.4,104356,93948277.84,6.4,8.7,9402
Spain,Seville,2023,1,90197,Business,14,513,42,311,Unrated,71,46284,45583,5.5,4957,467216,5.1,7787,31479463.6,5.2,7.2,5908
Italy,Rome,2023,4,187868,Leisure,9,4344,42.5,185,1-star,67,816025,42755,6.4,840,315972,6.1,145389,40841663.3,9.4,7,5012
Thailand,Chiang Mai,2020,11,54648,Cultural,13,2892,84,232,3-star,443,158053,9492,13.8,2017,655842,5.1,44627,9076025.95,4.5,8.6,6232
Japan,Osaka,2023,5,184393,Cultural,11,4383,40.1,207,3-star,166,808187,5726,1.8,2375,335521,3.3,174829,77471234.88,7,5.5,1874
Egypt,Luxor,2022,5,60651,Business,9,4551,60.2,292,5-star,210,276050,10889,13.7,4700,951321,4.3,54773,6310886.58,6.7,9.6,7644
Egypt,Luxor,2021,9,156022,Family Visit,13,3758,46,51,1-star,289,586312,38154,11.1,4508,734029,5.8,95108,20869027.2,4.6,9.6,4769
Thailand,Bangkok,2021,1,169006,Business,8,4175,43.4,326,5-star,362,705642,40426,2.5,2620,742148,8.8,139415,32197610.79,4.5,7.3,3343
Brazil,Rio de Janeiro,2023,4,89758,Religious,12,945,84.5,209,2-star,217,84815,6141,14.4,4500,813799,4.4,7779,24433180.94,2.3,9.5,2706
Greece,Athens,2024,7,167961,Religious,10,3366,57,175,Unrated,318,565367,16120,13.9,1429,782847,3,167919,47297926.52,7.2,5.7,7080
United Kingdom,Manchester,2024,2,188141,Medical,2,2775,88.2,309,5-star,95,522007,12597,1.6,1757,782722,1.2,124787,53320890.97,3.6,9.5,2272
United Arab Emirates,Dubai,2023,4,58036,Medical,8,2499,89.7,250,5-star,493,145007,25538,19.3,2436,109500,9.7,35292,28556242.19,5.3,7.7,8656
Canada,Montreal,2023,10,136836,Educational,13,2482,55.1,465,4-star,369,339626,9857,2.1,3489,656590,3.4,99036,44209457.98,4.1,7.9,9595
Canada,Vancouver,2021,2,131532,Leisure,8,3318,64.4,484,5-star,402,436430,24554,17.7,2651,649253,6.1,89540,23744793.67,4.6,5.2,8948
France,Lyon,2024,6,85428,Business,9,1525,88.2,166,Unrated,320,130267,31421,11.1,3711,650309,2.2,32258,12808077,8.1,6.4,657
India,Mumbai,2022,2,98651,Cultural,15,4771,65.6,157,3-star,268,470664,34535,10.3,2110,471280,6.1,75450,33768446.56,9.3,6.8,3636
Thailand,Phuket,2022,10,163613,Religious,8,2496,70.1,288,4-star,308,408304,38132,10.1,3058,622744,1.5,20739,58259206.54,3.7,6.2,7842
Egypt,Cairo,2020,10,71826,Religious,8,2797,71.3,336,4-star,380,200894,38905,10.1,3920,186917,7.5,44826,11044975.04,3.7,6.8,6437
Spain,Barcelona,2020,11,193016,Cultural,6,1448,87.9,352,Unrated,496,279520,15503,19.9,4059,848022,1,17062,45689389.05,6.7,5.3,4336
China,Beijing,2023,6,92727,Business,14,4199,80.5,306,1-star,431,389330,15433,3.0,4106,389208,7.5,46752,34769151.97,1.2,6.5,3755
Thailand,Phuket,2022,1,91869,Family Visit,13,4765,43.6,110,1-star,95,437719,13549,6.7,2922,193521,8.2,99262,11032585.38,1.7,7,2655
Italy,Rome,2024,1,118487,Educational,6,1185,53.3,167,1-star,195,140464,33454,5.3,936,172258,4.2,29772,17674500.97,9,7.5,5665
Egypt,Luxor,2022,9,171929,Religious,10,3312,43.6,209,Unrated,287,569348,36921,14.6,1511,975748,8.2,107109,52965815.77,2.3,8.9,5685
Japan,Tokyo,2024,12,124763,Educational,9,1779,46.7,403,3-star,375,221982,12016,15.2,1764,663369,8,50781,42094325.7,9.1,7.9,6156
Australia,Sydney,2022,1,130811,Medical,12,1923,45.1,114,4-star,108,251578,10793,7.0,1318,141218,9.2,36310,63525924.7,1.8,8.4,6461
United Kingdom,London,2023,7,112368,Educational,14,4299,73.8,224,1-star,125,483084,17180,17.6,1428,561511,7.8,138980,42814028.43,3.7,5.5,7222
Italy,Florence,2022,4,55842,Religious,10,717,58,353,1-star,223,40030,30599,9.2,3874,641343,2.9,5691,13844644.74,1.5,8.8,2357
Italy,Venice,2022,10,77364,Family Visit,13,4327,50.6,378,2-star,441,334721,39773,5.1,3168,551590,6.5,41447,11963596.92,6.9,8.7,6569
Canada,Vancouver,2023,9,108283,Cultural,7,3709,50,405,5-star,88,401668,38002,8.0,2596,840645,8,74691,15153851.6,7.2,6.2,3273
United States,Los Angeles,2021,2,68199,Leisure,13,3692,87.4,212,5-star,272,251806,39926,7.3,4351,741381,3.4,58221,30761759.64,1.4,7,4023
China,Guangzhou,2023,4,152518,Family Visit,12,3978,66.1,235,4-star,436,606739,37245,1.3,2722,164397,4.3,57904,41820900.81,4,6.7,6298
South Africa,Johannesburg,2023,2,119561,Religious,5,3388,68.5,257,3-star,185,405117,25963,11.4,4902,726296,5.9,104294,40944695.78,3.6,6,8935
Egypt,Luxor,2020,9,140306,Educational,11,4718,70.2,254,4-star,386,661992,44382,13.8,1015,162217,9.9,72680,43816854.15,6.9,8.2,6783
Spain,Madrid,2024,8,99429,Leisure,7,1514,49.8,411,Unrated,453,150557,36226,12.0,960,430596,5.7,41645,16460710.53,6.8,9,6807
Brazil,Sao Paulo,2023,11,73989,Business,8,4506,75.4,291,5-star,361,333368,21241,1.1,2795,543216,9.6,60811,14557877.18,5.5,8.4,7657
Egypt,Cairo,2022,5,94605,Business,13,2568,67.3,446,3-star,256,242992,35722,4.1,1616,617815,2.9,15186,41385890.59,9.8,9,9838
United Arab Emirates,Dubai,2021,3,104110,Religious,5,4823,49.8,404,5-star,274,502104,35527,19.1,2993,925512,3,82717,48697969.08,2.6,6.1,9575
United States,San Francisco,2020,12,75372,Educational,14,4747,88,294,Unrated,479,357765,10366,8.5,2909,451415,8,45615,14532922.39,5.1,8.9,3767
Canada,Montreal,2021,5,143783,Religious,12,4348,70.2,470,4-star,54,625230,23020,8.2,4509,331854,6.7,65974,32878570.45,8.6,8.6,5822
Canada,Toronto,2021,2,131050,Family Visit,2,2664,73.1,59,1-star,456,349119,45695,19.8,2676,157096,7.8,49900,33677658.12,7.8,9.6,3796
China,Shanghai,2024,6,176310,Business,10,2107,79.4,165,2-star,224,371494,22076,7.8,3508,756673,9.1,100058,86347627.76,1.2,9.2,9356
Mexico,Mexico City,2022,10,84681,Cultural,14,1167,74,474,Unrated,478,98806,17996,14.7,3371,96002,4.8,13001,36909387.72,2.3,7.2,6397
United States,Miami,2023,4,57812,Medical,8,4012,63.8,448,1-star,295,231921,40948,12.2,1891,143330,6.3,13498,20489554.88,4.3,6.5,2568
Greece,Athens,2021,9,141502,Medical,13,4261,56.6,73,5-star,209,602971,24459,3.9,2980,187686,1.4,73868,66846109.16,4.5,7.7,4876
France,Nice,2024,3,99976,Cultural,10,776,58.1,362,2-star,488,77580,27918,4.9,3656,874834,8.9,4886,17640513.64,3.8,8.7,3340
Mexico,Cancun,2022,1,143526,Family Visit,10,4532,80.9,161,3-star,418,650486,21589,3.4,3950,188286,8.3,192683,57654294.29,4.5,8,8563
China,Beijing,2020,9,160138,Educational,7,3892,41,211,3-star,401,623294,13712,6.1,4051,848729,5.3,87528,76815548.44,6.7,5.6,2900
India,Jaipur,2020,1,183682,Family Visit,7,4698,81.4,153,Unrated,131,862967,6914,16.3,1506,115942,2.1,226631,43687226.98,1.3,5.3,2220
France,Nice,2022,5,71644,Leisure,5,3493,47.9,386,5-star,366,250264,30675,13.8,2656,347142,5.9,32033,20991704.04,5.6,6.9,7719
Singapore,Sentosa Island,2020,6,121569,Cultural,2,4020,46.2,127,Unrated,367,488679,9769,9.3,3886,528108,8.4,91191,59181504.55,1.5,7.5,6526
Greece,Athens,2023,6,159903,Educational,13,1307,80,196,1-star,228,208937,9986,17.7,4231,696238,3.8,25597,71726987.32,7.1,9,3377
United Arab Emirates,Abu Dhabi,2020,3,177426,Educational,13,4919,71.4,377,Unrated,73,872684,5112,1.4,2878,142036,4.2,179182,41450259.68,7.6,7,6361
Australia,Brisbane,2024,6,50887,Religious,12,1786,61.6,68,3-star,355,90880,31049,4.9,951,547952,6.8,19800,17958676.78,2.8,7.1,6041
Mexico,Cancun,2022,10,172332,Family Visit,3,1750,53.8,251,5-star,462,301640,30991,2.3,701,760672,1.9,56390,84715482.04,6,5.9,3902
Turkey,Antalya,2020,1,176155,Cultural,3,3225,65.8,340,3-star,171,568042,10755,11.4,4617,664553,6.4,39334,22941272.6,9.6,6.5,2295
Australia,Melbourne,2023,9,111842,Educational,10,3418,53.4,339,Unrated,367,382306,39510,11.7,4668,423216,7,74890,34704850.84,3.2,5,7719
China,Beijing,2023,7,124816,Educational,4,2521,70.6,364,Unrated,381,314646,39039,12.2,1109,134381,7.1,47838,13250211.52,6.2,6.3,7431
China,Shanghai,2021,5,115618,Educational,14,2296,82,155,4-star,383,265420,35981,19.6,3204,132289,7.7,34972,52724445.27,1.8,9,3776
United Arab Emirates,Dubai,2022,10,183498,Educational,11,541,69.5,322,2-star,296,99225,30640,5.6,2759,768316,1.8,9904,82755399.45,7.6,5.1,5794
China,Shanghai,2024,8,110128,Family Visit,5,1719,52.4,345,Unrated,210,189269,32586,5.1,1684,136346,6.4,27075,25683385.74,9,6.9,5383
Germany,Frankfurt,2020,10,188682,Cultural,6,4040,59.9,407,5-star,384,762362,15103,19.8,1190,132409,4.8,77421,79225214.33,4,9.3,3012
Greece,Santorini,2022,7,141829,Educational,13,658,79.4,307,Unrated,334,93258,9458,13.1,1241,527177,5.5,17137,22374241.39,8.1,7.1,162
Germany,Munich,2024,10,156133,Medical,12,3195,50.1,263,2-star,276,498814,41412,9.9,2635,516755,2.9,59987,60139933.96,1.1,7,1737
Egypt,Cairo,2021,1,81781,Medical,4,2824,79.3,397,4-star,349,230942,36174,14.7,1302,825107,3.6,29434,16354791.61,5.6,7.7,8568
Greece,Santorini,2020,6,176270,Cultural,3,4427,81.4,351,2-star,461,780323,49895,15.9,1700,131257,3.4,84233,40091480.75,9.1,5.4,2694
United Kingdom,Manchester,2022,4,106358,Family Visit,5,4365,73.8,125,2-star,436,464219,21322,8.9,3442,888357,3.7,76502,28125037.62,7.5,6.9,1747
Australia,Melbourne,2020,12,55520,Educational,12,4383,66.6,157,4-star,282,243365,9757,11.3,1220,644557,2.5,66369,10916050.18,4.2,5.5,7278
Brazil,Sao Paulo,2020,5,119166,Religious,7,1554,51,461,2-star,307,185174,48370,11.6,3860,610608,5.9,41499,45385376.68,2.5,7.5,5718
Brazil,Sao Paulo,2024,12,182992,Educational,10,2896,45.8,482,Unrated,273,529994,32964,7.4,3187,956071,7.2,53828,46982052.17,9.1,6,916
United States,San Francisco,2024,8,161718,Religious,8,582,79.6,74,1-star,353,94049,37130,11.7,4200,998202,7.2,10657,16817299.12,7.5,7.7,4004
Japan,Osaka,2023,7,171948,Leisure,13,4295,64.3,484,5-star,178,738512,34894,9.6,4934,230882,8.7,199871,49267211.98,1.7,6.9,9547
France,Paris,2020,9,73185,Leisure,14,1416,43.3,71,5-star,266,103603,32374,11.3,2839,168094,1.6,21972,9487862.14,4.4,9,2482
Mexico,Cancun,2023,2,129698,Religious,3,3782,70.4,488,1-star,216,490461,27010,8.0,3390,442670,7.4,25549,24262210.56,7,7.4,770
China,Shanghai,2021,2,198961,Educational,12,2968,43.3,185,3-star,242,590494,39660,10.9,2353,151158,7.1,141497,21060281.21,2.9,8.6,2718
South Africa,Cape Town,2024,10,136598,Educational,11,2061,59.5,491,1-star,459,281574,15966,12.5,2312,393615,8,74095,43254926.97,7.8,6.5,3616
Turkey,Istanbul,2023,12,168028,Religious,11,2238,69.4,362,1-star,159,376038,38722,17.4,3281,581147,7.5,88910,54301773.1,6.3,5.7,470
United Kingdom,Manchester,2023,6,185958,Educational,11,4083,53.6,343,5-star,290,759283,17226,13.1,4751,311497,3.5,162242,79870254.96,1.6,8.9,1330
South Africa,Johannesburg,2024,8,93395,Religious,8,4925,79.3,406,3-star,387,459959,21544,9.2,1268,578036,3.3,26870,42184122.09,3.2,7.8,3291
Thailand,Chiang Mai,2024,8,166525,Family Visit,11,1954,84.9,236,2-star,281,325327,37510,18.1,4699,152476,8.4,84981,33238971.91,6.2,5.3,2835
United States,San Francisco,2021,7,125403,Cultural,6,3867,80.3,414,5-star,260,484912,33302,6.8,3328,899776,9.7,132346,55136137.93,4.7,5.1,6744
Germany,Frankfurt,2021,12,151154,Family Visit,2,577,85.8,482,3-star,393,87242,35926,10.7,3926,828754,6.6,23216,50602520.28,6.2,10,4578
China,Beijing,2023,7,189282,Leisure,8,3683,59.5,325,4-star,306,697181,16094,18.6,3087,434708,6.7,116653,52473464.89,5.4,9.3,2317
Spain,Madrid,2024,5,102691,Family Visit,14,2768,87.5,238,Unrated,354,284251,44605,8.1,1598,568420,6.7,18078,36732846.88,9.8,5.3,1017
China,Beijing,2023,5,125602,Educational,12,4146,60.7,153,2-star,367,520766,14941,12.0,4688,109821,2.5,28531,51702937.22,6.5,8.5,4975
Greece,Santorini,2020,4,116677,Business,11,4596,72,139,1-star,231,536243,24404,12.1,1444,724533,6.8,37344,46230448.09,1.9,8,7275
Canada,Montreal,2023,3,139049,Cultural,3,3231,84,193,5-star,361,449241,27250,5.0,1454,510014,7.2,64628,58404664.26,9,5.6,2359
United Arab Emirates,Dubai,2023,9,165945,Medical,11,3214,70.9,256,2-star,431,533294,8805,3.4,4356,85903,9,67469,53227000.56,8.1,7.1,2717
France,Lyon,2024,2,82101,Cultural,14,837,61.9,133,1-star,488,68694,31616,19.4,4831,256903,2.4,6994,28918630.35,3,5.1,749
Spain,Barcelona,2024,2,196480,Family Visit,7,1861,88.8,331,3-star,414,365681,49254,15.8,4761,724174,9.9,43092,27395829.4,8.5,8.5,3473
India,Jaipur,2022,4,191407,Family Visit,4,2653,79,177,Unrated,115,507847,28906,1.1,3716,462736,5.1,64301,82104508.2,1.5,7.1,876
Egypt,Cairo,2021,3,180956,Medical,7,2963,89.6,450,Unrated,438,536095,14486,1.9,2026,136694,6.1,129354,86165399.23,1.1,7.6,944
South Africa,Johannesburg,2020,3,64031,Business,11,3018,74.4,493,Unrated,213,193252,37994,16.2,3459,514310,7.3,29768,19564050.55,9.1,9.4,2132
India,Mumbai,2020,8,116788,Cultural,9,3813,65.6,319,3-star,340,445322,27523,11.5,3392,248303,3.5,36923,51606442.61,2.5,9.3,1766
Canada,Toronto,2024,11,56901,Cultural,13,1786,86.4,249,1-star,301,101607,30805,5.8,3453,922834,9,13653,22292987.19,6.2,6.7,407
Japan,Osaka,2021,5,178126,Family Visit,5,1482,83.7,432,3-star,168,263970,20916,17.5,775,331075,7.8,23233,50468339.44,4.2,5.5,3229
Greece,Athens,2024,3,153751,Business,14,680,54.6,313,2-star,466,104592,6134,18.3,2020,287723,7.8,9269,45342114.18,4.9,8,970
Australia,Brisbane,2024,5,99649,Family Visit,7,4224,48.5,143,1-star,142,420916,18878,13.3,642,931864,5.2,102446,14883607.13,6.6,6.4,1948
France,Marseille,2023,4,81027,Leisure,14,4984,79.8,380,5-star,252,403822,30864,7.4,2004,856124,2,81604,17211747.24,2.6,6.9,3403
United States,San Francisco,2020,6,102265,Family Visit,7,3878,46.3,322,4-star,145,396631,46692,17.3,923,864486,9.3,56112,23236635.81,7.7,7.2,5931
Germany,Berlin,2024,5,158464,Medical,5,2053,41.5,164,4-star,182,325308,39642,13.1,2542,631904,6.9,31905,34586640.51,6.6,8,7511
United Kingdom,Manchester,2022,4,94757,Family Visit,6,1767,88.2,357,1-star,355,167461,34648,14.4,3247,559421,8.2,20017,14867571.9,3.8,9.2,2061
Australia,Brisbane,2023,3,62497,Business,15,2935,89.2,257,4-star,254,183398,25389,2.2,4732,880351,7.4,21685,14784922.03,5,9.6,5798
Australia,Brisbane,2022,5,116809,Educational,2,770,85.2,453,5-star,389,89993,49041,4.4,4747,157524,2,25683,48321835.61,5.2,9.3,6405
Italy,Florence,2021,6,68782,Cultural,7,3909,54.8,225,5-star,361,268841,47229,4.6,4470,336073,6.4,71454,29507330.79,2.6,7.4,2441
Japan,Osaka,2022,8,154188,Medical,8,1850,69.8,351,1-star,335,285208,14175,3.2,2617,347584,1.4,29798,16354837.25,6.2,5.5,2873
United Kingdom,Manchester,2022,9,95927,Cultural,11,4543,60,394,5-star,474,435771,8783,16.7,4787,936788,1.9,30031,23465332.7,1.8,7.9,684
Thailand,Phuket,2023,10,80266,Business,10,3825,41.6,79,1-star,439,307009,44019,3.0,2125,847388,6.1,38097,38152540.11,8.4,9.9,2604
India,Mumbai,2021,9,81417,Religious,8,2064,42.5,101,4-star,62,168031,26031,19.8,2932,791184,2.2,37335,37378335.18,7.7,5.4,2128
Greece,Athens,2020,3,97111,Business,4,733,67.9,190,5-star,88,71186,18136,7.8,3321,111602,3,10340,41113135.88,8.4,6.9,2562
Turkey,Antalya,2024,9,59460,Family Visit,5,575,74,107,4-star,358,34213,12384,12.4,3576,198441,4.7,3090,21558046.01,9.7,7.8,4721
Singapore,Singapore City,2023,4,108829,Family Visit,3,2380,45.8,68,4-star,398,258959,20086,13.6,2966,797410,3.1,57058,51810578.61,1.4,6.6,6624
Thailand,Bangkok,2022,9,176278,Cultural,5,976,57.7,190,1-star,289,172123,14343,13.5,4407,804471,2.4,44206,20583292.23,4.8,5.8,2384
Canada,Vancouver,2021,1,186385,Family Visit,9,1541,65.1,220,Unrated,168,287258,8558,5.2,4347,761238,9.4,80175,66011181.96,6.7,7,9773
United Kingdom,Manchester,2024,8,77877,Medical,9,3548,61.4,109,2-star,250,276344,45317,3.8,952,60589,5.9,72172,21223093.19,4.4,9.6,8579
South Africa,Cape Town,2020,5,100599,Business,9,1735,85.1,55,Unrated,196,174512,41730,11.6,3677,184794,7.4,39121,23111445.56,3.1,6.1,825
Germany,Frankfurt,2024,6,93461,Educational,8,1096,59.1,296,4-star,170,102416,32386,15.8,2623,402854,5.1,16156,20729370.64,2.8,5.3,224
India,Mumbai,2023,11,135166,Educational,8,2736,85.8,330,Unrated,122,369818,36980,11.7,3596,444825,9.1,26269,34770313.11,1.9,5.1,9649
South Africa,Johannesburg,2022,1,127154,Educational,10,1234,51.7,60,5-star,424,156856,45149,19.5,4292,178447,3.5,18733,14542866.55,9.3,6.1,9075
Canada,Montreal,2020,7,100705,Educational,13,3790,87.3,490,5-star,404,381693,30006,5.7,2845,983963,4.3,73115,10322563.45,1.6,7.7,4786
Germany,Frankfurt,2021,2,82766,Medical,12,1094,65.7,112,Unrated,73,90533,23443,8.8,4126,489358,3,9644,35334636.59,9.4,5.5,2943
Brazil,Rio de Janeiro,2022,10,144837,Educational,6,4418,44.2,449,Unrated,199,639904,6094,2.0,3695,280780,5,85491,37343168.17,5.8,5.8,4813
Greece,Santorini,2024,12,184164,Medical,13,3921,47.7,197,1-star,380,722055,9926,7.9,3465,381999,7.1,46334,20970585.56,4.5,8.5,9121
United Arab Emirates,Abu Dhabi,2021,3,133829,Leisure,5,4487,84.8,469,4-star,105,600543,36730,8.8,3906,638216,2.3,111939,19035384.4,1.4,8.3,3848
Singapore,Sentosa Island,2023,7,76553,Religious,3,4954,41.5,186,4-star,120,379236,15374,3.2,989,552237,4.2,91176,23182772.32,6.7,9.9,387
South Africa,Cape Town,2022,1,72337,Family Visit,8,2509,70.9,322,2-star,275,181493,45975,4.8,744,820974,7.2,46429,23326966.45,8,5.1,8597
United Arab Emirates,Dubai,2024,8,61984,Business,14,4964,54.7,230,2-star,394,307678,26889,12.4,1631,978274,2.1,90700,22905292.11,8.6,6.6,2637
Egypt,Cairo,2023,9,65216,Cultural,14,3946,40.3,231,1-star,243,257357,41635,15.6,943,869497,3.1,53101,26010182.51,3,5.3,1360
Mexico,Puerto Vallarta,2024,10,136483,Religious,11,1010,89.8,209,5-star,265,137913,10543,3.4,2381,95256,6.6,34711,59616629.41,5.3,8.9,1509
France,Nice,2020,9,76270,Educational,13,2290,80.3,150,2-star,310,174695,7172,1.5,3464,299737,5.9,45413,11516333.13,8.2,9.3,6235
United Arab Emirates,Abu Dhabi,2024,6,186645,Leisure,11,1820,66.3,385,Unrated,497,339711,7776,6.8,3488,865267,6.5,66345,37600423.3,7.8,5.4,5160
Brazil,Rio de Janeiro,2020,2,180499,Family Visit,6,1075,62.1,255,4-star,378,194035,12148,16.9,2864,915990,2.1,49160,84780688.92,5.1,7.5,8040
Brazil,Rio de Janeiro,2020,6,73382,Family Visit,12,4009,45.9,402,2-star,56,294202,18666,7.8,4678,153533,1.1,54449,32321857.31,9.6,7.8,425
Canada,Vancouver,2020,12,59726,Educational,9,2210,70.4,268,1-star,158,131989,47230,10.1,4578,100519,4.6,9492,7544869.29,9,7.3,4066
India,Mumbai,2023,5,139524,Religious,6,2312,73.6,375,3-star,317,322603,7994,7.9,3256,579882,2.1,62314,28281151.83,8.2,7.1,8054
India,Delhi,2023,6,155573,Business,3,4012,73.7,490,1-star,178,624092,48059,10.3,4425,563066,2.8,50793,75513886.35,2,7.4,398
Germany,Munich,2022,5,106396,Cultural,9,887,42.9,88,3-star,489,94388,17254,2.3,2302,388585,3.7,26725,32906710.48,3.4,7,2007
Spain,Madrid,2024,6,185909,Family Visit,11,1193,88.9,377,2-star,312,221723,23350,7.9,4862,138422,5.2,21614,70774684.3,6,6.8,1752
Egypt,Cairo,2022,8,168580,Leisure,6,756,78.3,167,Unrated,186,127441,48123,13.8,1598,695424,7.1,16161,41809493.71,6,9,3669
Canada,Vancouver,2023,7,90475,Family Visit,10,2055,80.8,78,2-star,203,185954,32405,4.1,1297,201899,10,30298,21885126.47,4.6,5.6,1046
Mexico,Mexico City,2023,9,64693,Cultural,7,3469,62.1,293,Unrated,229,224395,16350,8.9,4090,409701,2.2,22307,11140606.3,3.4,7.6,6206
Spain,Madrid,2023,7,95875,Business,6,1231,73.8,53,2-star,380,118062,13693,2.1,2618,113965,4.3,8813,14054425.53,3.3,6.5,9047
Italy,Venice,2020,4,98785,Educational,4,4454,67.9,300,4-star,245,440034,35979,12.7,4122,545919,3.9,73696,29733924.51,2.8,6.6,5285
India,Mumbai,2021,1,166843,Family Visit,14,2119,55.3,304,Unrated,473,353552,13448,7.1,2381,55209,2.6,81500,19372842.72,4.6,7.6,8033
Italy,Venice,2022,6,153780,Religious,2,4528,47.5,61,1-star,478,696284,13346,7.5,1769,885988,1.1,74274,50248709.68,4.2,8.1,5706
South Africa,Johannesburg,2023,10,185028,Leisure,4,1072,49.5,259,Unrated,222,198337,43308,18.2,1390,521761,3.4,34885,23543630.65,3,9.7,9741
Australia,Melbourne,2022,9,105798,Business,10,2364,87.9,447,5-star,124,250067,46183,5.2,2154,324864,6.1,24059,13101478.29,6.4,8.8,8771
Australia,Melbourne,2024,3,127242,Leisure,5,3499,44,462,2-star,56,445264,10506,4.5,2895,140140,4.5,27957,32970613.2,5.6,7.4,9195
United States,Los Angeles,2024,11,93129,Religious,4,2776,43.1,94,4-star,299,258493,16279,11.8,4067,830296,6,74949,11126861.01,1.9,5.2,3596
United Arab Emirates,Abu Dhabi,2022,11,94439,Religious,9,2530,56.5,257,4-star,429,238966,41824,18.8,4036,469515,2.1,42928,18730934.65,4.2,9.9,9742
Germany,Frankfurt,2021,10,102413,Medical,7,2996,43.8,493,5-star,126,306859,23610,7.3,4706,498648,4.7,17184,23979864.92,2.6,5.5,8614
South Africa,Johannesburg,2021,10,175849,Business,10,3779,55.8,143,3-star,271,664525,45644,2.8,1641,468641,8.2,145788,56055658.37,5.3,9.6,594
Singapore,Singapore City,2023,1,145345,Educational,10,3414,82.2,358,3-star,359,496144,34709,16.8,1951,584231,4.6,75621,71406293.23,2.6,9,6319
Thailand,Bangkok,2021,3,78379,Cultural,8,3103,81.6,428,4-star,81,243180,10296,19.2,626,252210,5.1,53242,27232322.34,6.1,5.3,6783
Thailand,Bangkok,2020,9,70923,Family Visit,15,550,76.5,263,Unrated,446,38997,33756,19.8,2612,604629,4.2,8474,20817391.01,4.8,6.8,590
China,Shanghai,2021,10,53729,Medical,10,1227,63.6,456,Unrated,192,65902,40755,5.0,1181,595926,8,12585,10985698.53,7.3,7.8,8066
Japan,Osaka,2024,5,118116,Medical,12,3245,64.4,392,1-star,193,383344,17021,9.0,3972,779115,5.6,46786,12117017.63,5.5,6.4,2697
Germany,Berlin,2023,11,50901,Leisure,2,3132,87.1,422,1-star,262,159408,33311,1.6,1764,371395,4.7,28748,23344718.68,2.8,5.1,4703
Turkey,Antalya,2020,2,177466,Educational,10,1922,71.3,456,1-star,243,341152,12349,18.3,2164,171897,2.6,39983,31847663.39,3.2,6.5,8336
Brazil,Sao Paulo,2024,7,64175,Cultural,13,1298,76.2,59,5-star,283,83297,28283,12.0,3147,764483,4.2,16760,16363374.77,8.8,6.5,6397
South Africa,Cape Town,2021,6,108755,Medical,6,1998,67.9,118,2-star,256,217239,5787,16.3,1122,528977,8.3,11891,42889402.82,2.9,5.7,166
Japan,Osaka,2020,12,164159,Medical,6,757,46.9,316,1-star,149,124273,16772,1.5,1687,300231,4.7,17292,76283103.29,1.4,7.6,671
Singapore,Singapore City,2022,12,198246,Business,10,4117,44.2,206,1-star,187,816159,5178,17.8,1234,72616,2.4,107847,24143670.41,2.6,9.8,831
Greece,Athens,2024,11,182201,Family Visit,11,2151,47.4,124,Unrated,340,391974,30791,13.1,2350,559394,5.7,109901,77404641.12,8.4,9,1615
United Arab Emirates,Abu Dhabi,2021,1,147206,Educational,12,1144,72.9,149,1-star,220,168438,36186,16.0,1667,435134,3.4,42631,19572861.4,6.4,7.4,9588
Greece,Athens,2023,8,60785,Medical,6,4603,44.9,183,1-star,357,279804,6462,10.5,2878,360809,3.2,35399,7626931.44,2.6,5,7190
Egypt,Luxor,2020,6,165375,Medical,6,3480,77.6,377,2-star,442,575573,37479,15.9,2144,938704,6.4,40573,59325782.69,6.6,8.2,6480
Australia,Brisbane,2023,12,100906,Family Visit,5,897,49.7,172,4-star,426,90480,27388,13.1,3122,776499,6.2,11488,29351540.49,8.1,9.9,6246
Mexico,Mexico City,2020,3,170494,Family Visit,3,4275,73.6,302,2-star,465,728835,35480,6.8,4199,228838,6.5,92252,39289172.88,1.6,6.7,4757
South Africa,Cape Town,2022,7,171635,Business,5,3628,71.5,410,Unrated,110,622750,26991,8.5,2451,534607,1.1,115872,84154619.01,4.3,6.8,9180
Egypt,Cairo,2020,11,164012,Business,9,2483,84,464,5-star,105,407240,26029,2.2,4139,192429,4.7,63345,67905161.53,2.8,9.1,2781
Singapore,Singapore City,2023,1,151503,Medical,7,2561,52.8,179,5-star,469,388019,11054,7.1,3140,603958,8.6,44584,15249913.65,4.4,7.9,6952
Spain,Seville,2023,10,116985,Business,5,501,85.8,369,5-star,177,58612,40489,4.2,1945,879690,1.6,13540,55161139.71,4.9,5.6,3253
Japan,Tokyo,2020,3,73834,Educational,7,3296,75.9,154,4-star,387,243356,45635,19.9,3421,447783,1.4,36005,31081213.34,4.1,7.2,394
Canada,Toronto,2022,7,87052,Educational,9,4377,83.3,335,1-star,400,380984,46785,1.7,2618,384071,3.9,72618,18435709.16,8,9.4,8343
Germany,Munich,2024,8,81601,Family Visit,3,3679,57.3,300,Unrated,197,300183,12465,5.5,3238,946197,4,77111,8179616.96,3.8,6.2,4731
South Africa,Johannesburg,2020,10,94462,Educational,4,2427,43.1,365,4-star,238,229231,27813,9.3,3783,68557,5.4,30382,13481643.24,9.6,5.3,3930
Italy,Rome,2022,1,91081,Business,6,1942,48.2,159,1-star,462,176862,33610,13.1,2005,74354,7.8,10733,40609460.44,2.1,5.9,9188
Turkey,Antalya,2021,8,105514,Educational,12,1126,62,103,5-star,56,118757,7895,3.2,4183,154127,9.2,30272,48038048.83,2.8,6.4,6066
Australia,Sydney,2024,5,59196,Cultural,7,2951,48,196,3-star,365,174658,29700,9.5,3199,281237,6.9,26688,21626963.43,2.1,7,8181
China,Shanghai,2023,6,64380,Educational,4,4779,50.5,384,3-star,479,307651,11937,15.0,1047,650684,8.7,24291,24617785,5.5,9.1,5043
India,Delhi,2022,8,58997,Cultural,7,3989,57.1,128,2-star,333,235313,40228,3.8,3228,766438,7.7,60354,22337713.22,9.3,9.1,3744
Egypt,Cairo,2023,12,133123,Business,10,2102,47.4,275,1-star,360,279799,12099,3.5,2621,967106,3.1,34968,47540623.27,6.4,8.5,766
United Kingdom,Manchester,2024,11,132203,Cultural,5,2611,80,179,Unrated,220,345140,27641,17.8,4172,188454,4.7,23493,43668547.37,8.7,8.6,2323
Brazil,Sao Paulo,2022,1,136442,Religious,3,1410,67.3,415,Unrated,184,192338,36376,5.4,3701,284847,5.4,15543,30436340.13,9.3,5.8,2515
Australia,Sydney,2021,7,141229,Religious,5,3837,67.3,232,1-star,177,541903,30161,11.2,2821,522617,2.5,151257,32643004.39,4.3,8.8,9026
Japan,Osaka,2020,8,104675,Medical,10,3105,42.7,254,2-star,166,325051,45718,5.1,2794,87394,1.8,55859,39417090.33,3.4,8.1,5699
Australia,Sydney,2024,3,199172,Leisure,5,4627,67.7,466,5-star,244,921666,32454,14.8,1165,987314,9.9,228408,67828747.25,4.1,7.7,1312
France,Lyon,2022,10,106117,Cultural,7,731,60.1,193,3-star,253,77539,8228,9.8,3705,349155,2.7,18403,33774747.65,2.8,6.5,4733
United Arab Emirates,Dubai,2021,4,102344,Religious,8,1472,88.4,302,1-star,228,150665,39305,9.1,3857,514432,9.1,27310,39188701.18,3.3,7.2,7167
Singapore,Sentosa Island,2021,9,169779,Educational,3,599,57.9,254,Unrated,348,101764,20613,3.6,1799,432650,9.4,17614,64574811.01,8.7,7.1,2821
United Kingdom,London,2021,2,127355,Family Visit,10,808,84.9,327,5-star,99,102900,25659,16.5,3622,418615,5.3,27128,30056003.43,8.8,5.4,915
South Africa,Cape Town,2020,7,110038,Family Visit,13,1318,61.5,427,4-star,383,145050,31292,11.2,3842,764114,2.8,14931,12830313.08,3.9,7.8,8107
Brazil,Sao Paulo,2021,12,84409,Family Visit,11,2459,87.7,63,3-star,363,207585,5363,2.8,1045,446456,8.4,15641,35178001.9,8.3,7.4,9162
Egypt,Luxor,2024,5,175865,Medical,4,2209,70.9,181,Unrated,312,388454,37786,18.5,829,755377,2.7,51313,51859915.84,1.2,6.2,2667
Spain,Seville,2020,12,197193,Business,6,2837,49.9,261,5-star,166,559419,28331,2.6,2800,498013,8.7,132855,83224662.9,2.2,5.3,7098
Spain,Barcelona,2021,6,63440,Leisure,11,4264,83.1,135,4-star,201,270500,20734,1.8,2180,844865,1.6,35477,23415855.91,4,5.9,6300
Germany,Berlin,2020,5,98570,Leisure,12,3876,62.8,353,3-star,101,382027,22400,15.6,4365,861032,2.1,22584,11936588.55,8.5,5.6,2723
Canada,Toronto,2023,4,189718,Family Visit,8,4298,53.1,466,4-star,227,815402,25914,12.0,4997,699837,4.2,166591,86117397.64,3.1,7,8468
Germany,Berlin,2020,6,164826,Cultural,13,3041,65.8,62,1-star,365,501216,21195,17.1,1453,944230,3.4,46332,22788229.35,4.8,5.6,4252
Germany,Berlin,2023,1,146367,Medical,10,2959,52.5,334,4-star,149,433075,7663,11.6,1773,315470,1.9,23389,71057384.01,4.4,8,5192
Australia,Brisbane,2022,1,95337,Religious,13,2056,41.8,303,Unrated,395,196047,48790,17.7,3901,970396,3.4,25301,41756494.51,5.3,8.3,8546
France,Paris,2022,5,152127,Religious,4,2179,50.5,157,2-star,327,331409,25900,19.9,1508,201770,8.6,33638,73148482.08,4.1,9.9,4811
France,Marseille,2021,8,106116,Medical,6,540,59.1,305,3-star,448,57250,31331,10.6,4408,667397,6.7,11753,15736860.01,9.8,5.9,2765
Canada,Toronto,2021,6,133308,Medical,11,2135,86.9,373,5-star,333,284655,33742,14.3,1723,397236,9.4,28807,55882608.83,7.6,5.3,3766
Australia,Brisbane,2021,5,87045,Medical,6,1870,89.1,451,5-star,71,162792,34475,19.6,3519,53681,8.2,25824,38979923.39,2.6,9.7,8517
United Kingdom,London,2023,7,168888,Leisure,10,2702,46.7,483,Unrated,384,456254,41175,2.1,3640,829105,5.3,41978,40857201.86,4.6,5.3,8198
Canada,Montreal,2022,8,78333,Leisure,14,1183,69.9,343,5-star,408,92655,13624,6.4,1335,330790,1.1,20656,28555282.43,1.3,6.8,5387
United States,New York,2023,6,141186,Medical,9,4356,63.3,129,2-star,291,614972,10580,17.4,3991,443922,7.3,43544,62853726.95,5.3,5.3,1434
Thailand,Phuket,2020,11,137508,Educational,7,4450,50.2,392,Unrated,121,611893,49115,2.0,664,417508,3.6,102401,60935723.24,3.7,6,4257
Mexico,Mexico City,2023,6,77043,Business,6,4010,63.6,56,Unrated,54,308959,19017,7.5,3539,578425,4,19502,21579321.69,3.3,6.8,2838
Mexico,Puerto Vallarta,2024,4,73956,Medical,3,3742,54.1,134,3-star,395,276748,25528,1.4,4664,741257,2.2,46198,25319481.95,4.9,5.1,3655
South Africa,Cape Town,2020,1,115184,Religious,4,3243,68.4,92,4-star,291,373516,43265,5.8,761,797320,9,50034,39856877.82,9.3,9.8,9274
United States,Las Vegas,2023,5,184515,Cultural,8,1754,87.9,169,Unrated,263,323661,19254,6.4,4614,837839,7.4,63731,79016097.6,4.5,7.2,9468
United Kingdom,Manchester,2022,12,169020,Medical,9,1665,55.8,158,1-star,441,281346,29502,14.5,872,278300,4.1,69927,59171611.78,9.4,8.4,8994
United Kingdom,Manchester,2024,1,168313,Medical,15,2919,40.7,480,4-star,290,491294,36331,15.2,1257,626250,3.1,132971,23360414.58,1.5,5.6,7937
France,Marseille,2021,9,175212,Family Visit,5,2947,74.7,195,2-star,91,516357,22106,12.6,1028,218733,7.9,47823,44469913.9,4.1,7.2,1019
Singapore,Singapore City,2024,3,170507,Leisure,12,3094,57.1,125,1-star,367,527583,24156,5.3,2045,509822,2.3,50834,29467915.17,5.6,9.2,7294
Turkey,Antalya,2022,9,171361,Educational,11,4426,52.2,121,3-star,312,758502,26665,8.1,1925,328011,5.1,112728,76568219.97,3.2,9.8,2694
Singapore,Sentosa Island,2024,8,101588,Medical,9,3606,81.9,497,4-star,250,366281,23625,11.0,1673,782318,3.5,85753,12257907.04,1.4,6.9,9450
Spain,Madrid,2020,2,137736,Educational,3,4768,75.6,347,2-star,189,656772,26387,10.8,2564,677907,4.6,33283,60600892.23,4.4,7.5,809
Singapore,Singapore City,2020,2,164161,Family Visit,10,3828,50.5,93,5-star,359,628428,25805,17.0,2761,664229,9.6,42838,29489449.96,4.1,8.1,5595
Thailand,Chiang Mai,2021,9,78481,Medical,4,1804,51.9,183,Unrated,392,141562,31569,1.1,3270,734308,4.5,41636,37817368.14,8.2,6.2,9483
India,Mumbai,2024,1,91269,Religious,7,1705,61.6,373,Unrated,386,155620,38932,7.8,2267,541874,6.7,46411,37519499,3,5.9,2681
Spain,Barcelona,2020,10,125118,Medical,4,4380,80.8,445,Unrated,377,548011,19419,17.2,1536,322168,1.9,105353,39110848.13,5.1,7,4057
Germany,Munich,2022,6,184479,Leisure,9,509,53,267,4-star,311,93963,40654,4.3,2429,611001,7.4,15143,20446260.18,5,6.5,1193
Mexico,Cancun,2022,7,53880,Religious,4,3436,42.6,458,4-star,299,185139,48333,14.4,1593,231413,8.3,44793,7844192.8,6.8,9.2,8340
Turkey,Antalya,2021,9,96705,Family Visit,9,655,71.9,422,1-star,440,63313,49786,6.6,3197,997790,2.2,14113,40423136.27,2.5,5.5,262
Germany,Munich,2024,5,123313,Medical,13,2877,63.4,364,2-star,460,354753,18403,17.5,3207,385639,6.8,45740,42987835.37,3,7.2,9874
Italy,Florence,2021,7,155185,Religious,15,2543,65.3,196,4-star,381,394584,33853,13.1,2726,538195,5.2,97570,52942472.79,6.9,10,5422
Egypt,Cairo,2022,1,109412,Medical,7,2065,41.1,213,2-star,420,225938,42201,17.7,946,806322,5.9,25706,44547155.48,7.8,7.9,1174
China,Beijing,2020,6,193233,Business,13,3657,63,118,Unrated,436,706605,6211,15.9,3685,606107,4.6,199877,45466253.8,9.2,9.9,9297
Brazil,Sao Paulo,2023,7,121356,Cultural,12,3648,55.3,75,2-star,192,442695,35461,13.7,1780,905695,6.4,118387,55378730.48,5,7.3,248
Germany,Munich,2020,9,172689,Leisure,11,4196,52.2,407,4-star,427,724546,9551,5.6,3770,523919,4,82283,60859015.47,1.2,8.6,2411
United States,San Francisco,2023,10,99756,Religious,9,911,77.8,334,1-star,377,90887,17067,4.6,3433,157044,1.5,17900,43507509.12,1.2,5.2,4873
Italy,Rome,2020,3,193518,Leisure,13,1970,57.5,140,Unrated,173,381294,22948,15.0,3791,241303,7.7,83430,35288548.24,4.2,5.6,3985
Turkey,Antalya,2023,3,167569,Religious,11,4364,88.1,379,1-star,281,731221,42528,3.0,566,932693,6.2,149587,69136428.3,7.3,9.2,2351
Brazil,Sao Paulo,2023,11,149108,Medical,9,4776,55,498,3-star,191,712196,43784,1.6,4049,914360,2.5,162420,25401459.35,3.1,7.5,8189
China,Shanghai,2024,5,109902,Leisure,14,4892,51.1,65,4-star,389,537683,35962,5.4,1794,392776,4.2,138816,32680753.28,9.2,9.6,2541
Turkey,Istanbul,2021,11,67482,Religious,6,1827,57.7,264,Unrated,425,123268,33930,5.9,2596,323945,2.8,35356,12298499.69,6.5,6.1,8967
Canada,Toronto,2021,2,55147,Leisure,9,2611,43.6,335,4-star,92,143976,39808,11.9,2115,445065,5.6,11058,14856204.95,5.1,8.7,5895
South Africa,Cape Town,2024,12,158835,Family Visit,5,1242,46.2,451,3-star,292,197305,6044,5.1,2082,857733,2.5,31124,48318894.28,2.3,7.1,6804
Brazil,Rio de Janeiro,2021,9,105809,Educational,11,3534,89,148,3-star,152,373963,11073,5.6,2503,575825,2,91686,49103676.68,4.4,8.2,5610
United States,Miami,2020,6,139846,Family Visit,3,3080,44.9,81,Unrated,473,430787,35544,19.1,861,594392,6.6,72596,62969024.94,3.4,5,7381
China,Guangzhou,2022,11,98270,Leisure,6,4061,74,309,2-star,332,399087,43328,2.8,3802,771615,9.4,117711,43968074.67,2.6,5.2,9847
Japan,Kyoto,2021,8,152511,Cultural,15,1451,53.3,402,3-star,484,221361,42383,10.6,2424,65733,9.9,30122,19018877.32,7.6,7.6,2261
France,Lyon,2021,10,136489,Educational,7,898,57.1,111,2-star,239,122538,26059,8.9,1664,458294,9.9,31273,29016322.21,1.6,5.3,6819
Italy,Florence,2021,7,131899,Leisure,12,1597,55.3,118,Unrated,251,210602,5767,19.7,3954,617256,7.8,36857,19933201.78,6.2,6.5,9830
Egypt,Luxor,2021,2,121805,Religious,13,2051,59.5,354,1-star,449,249878,39800,14.6,3070,633526,9.2,22140,42718013.25,1.3,8.2,7966
Australia,Brisbane,2021,6,183085,Educational,5,3812,56,313,5-star,447,697949,40694,19.2,4876,190562,4.7,167920,28845126.36,1.1,5.1,2173
Australia,Brisbane,2022,3,99853,Educational,9,1398,77.5,237,5-star,373,139627,29530,17.7,866,386399,8.3,27522,18403431.11,3.1,8.1,7956
Greece,Athens,2020,2,80988,Cultural,2,2936,42.6,67,5-star,142,237746,13989,18.3,4288,220534,5.6,38129,12331966,3.6,9.3,777
Italy,Rome,2022,8,115641,Leisure,11,3138,64.6,379,2-star,87,362888,24641,18.4,2061,463606,9.4,75942,53133232.67,5.1,5.7,700
Spain,Seville,2021,10,175580,Leisure,8,1317,55.1,58,3-star,124,231299,30473,17.2,725,980866,9.4,18806,44390408.28,1.3,9.3,8995
Egypt,Luxor,2022,5,120246,Educational,6,4830,88.2,170,Unrated,373,580783,25608,13.8,2576,630305,1.9,102967,13211185.34,4.7,6.1,9721
Italy,Florence,2020,1,83123,Cultural,15,4102,82.3,192,5-star,235,341005,7024,1.4,2365,570112,9.7,46170,19567382.94,1.1,8.4,2006
Japan,Kyoto,2024,9,57961,Medical,15,3426,77.1,353,4-star,70,198546,20682,13.0,4485,362712,6.6,16580,8479927.22,8.6,5.7,3171
China,Guangzhou,2024,5,66939,Educational,8,4539,85.4,217,3-star,204,303829,18186,16.7,3819,199805,8.2,79765,14436073.7,9.6,5.2,5157
Canada,Montreal,2023,8,152302,Medical,10,3403,40.8,269,5-star,291,518311,29074,3.7,4571,943544,1.1,32331,51743604.62,4.1,9.8,440
Singapore,Sentosa Island,2020,3,175788,Religious,11,4182,73.4,74,4-star,276,735086,14241,10.2,3284,688464,2.6,197075,60690190.97,2.4,9.8,6575
China,Shanghai,2024,3,143789,Religious,3,3321,52.7,224,Unrated,104,477487,21251,19.6,1938,577831,7.6,127304,44337751.02,7,9.1,7127
Thailand,Phuket,2023,12,115867,Cultural,6,503,88.2,305,3-star,91,58260,5727,2.5,3743,415543,7.5,4387,40467145.48,4.2,8.9,9095
Australia,Melbourne,2024,6,144192,Family Visit,10,1561,75.7,329,Unrated,411,225022,25625,17.5,3661,374036,2.1,35303,23697106.98,7.3,8.8,8724
Germany,Frankfurt,2023,5,98928,Cultural,13,4713,65.7,235,5-star,291,466221,48795,12.1,3013,385510,4,29772,31822670.38,6.3,9.7,9846
Thailand,Bangkok,2021,5,144533,Cultural,12,2689,56.7,245,2-star,490,388674,25823,19.0,1358,514271,2.5,64197,32207025.12,1.3,6.6,1547
India,Delhi,2024,1,183922,Cultural,8,4845,58.9,322,2-star,133,891071,20493,9.7,2951,279016,2.9,202562,19948167.12,4.8,8.9,7834
Germany,Frankfurt,2020,6,120400,Family Visit,14,4627,69.2,286,2-star,434,557073,36225,17.6,1266,167369,4.9,54173,25611360.4,3.4,7.6,3613
Canada,Montreal,2024,10,194407,Business,14,4894,58.8,337,5-star,66,951467,32684,14.3,3055,924722,9.9,110619,71701928.69,1.5,5.6,3014
Brazil,Rio de Janeiro,2023,2,161850,Business,15,4110,79.3,149,Unrated,377,665241,21779,12.2,1438,175604,7.8,123013,21201289.98,1.2,5.5,8505
South Africa,Johannesburg,2021,9,163457,Leisure,4,4323,66.6,461,4-star,213,706558,13314,15.1,1662,913460,7.8,52153,18141802.29,4.6,10,9226
Thailand,Bangkok,2021,8,178411,Business,11,1413,77.3,64,5-star,111,252082,22493,10.4,871,695099,1.1,58604,81265961.92,1.6,7.3,4566
Canada,Vancouver,2023,12,127924,Cultural,10,1862,63,290,4-star,75,238169,45030,10.7,3265,355218,8.9,45947,29763199.22,7.5,7.5,5699
Australia,Brisbane,2022,4,199725,Family Visit,15,599,80.1,375,3-star,184,119619,32909,5.9,3403,762932,1.9,11932,99850456.14,1,8.2,3195
Spain,Barcelona,2024,1,197776,Religious,14,921,87.8,429,5-star,51,182221,47964,18.5,2663,490924,9.3,31146,44741161.58,8.1,8.4,2265
China,Shanghai,2023,10,167996,Cultural,11,1596,86.6,354,5-star,171,268101,36047,8.0,1805,235784,8,37642,44110275.69,8.3,6.9,9777
India,Delhi,2024,7,196161,Medical,14,817,57.7,458,5-star,310,160228,38988,11.5,4306,227129,9.7,14387,47404596.56,4.8,7,9210
Italy,Florence,2024,3,52413,Leisure,5,3781,65,164,1-star,323,198197,42679,4.6,1292,654019,1.8,37501,23939598.55,3.6,6.6,5293
Australia,Sydney,2020,7,51214,Business,7,668,85.9,172,3-star,426,34185,42792,17.8,2886,989805,5.7,3338,14586553.16,9.1,5.3,3945
United Kingdom,Manchester,2024,10,160186,Family Visit,6,4548,87,307,2-star,468,728495,21608,16.9,735,652294,8,149694,54898490.72,8.6,7.7,848
Thailand,Chiang Mai,2022,10,193250,Religious,9,781,59.2,89,4-star,114,150928,18072,9.2,4732,941255,7.7,43936,74816395.88,9.9,8.5,7590
India,Mumbai,2023,6,169547,Leisure,11,3660,58.6,327,4-star,402,620493,13998,10.2,1825,217973,6.1,109193,17871179,4.3,8,2018
South Africa,Johannesburg,2020,12,105568,Leisure,14,2677,76.4,270,2-star,175,282639,15683,4.7,904,526857,6.8,16202,36657557.55,5.6,7.7,6482
Australia,Brisbane,2022,1,108759,Medical,5,4778,60.4,61,4-star,442,519689,35936,14.6,4759,741750,4.8,38249,16344559.47,4.7,8.8,7520
United Kingdom,London,2022,8,157293,Educational,11,973,73.6,407,2-star,421,153123,37563,2.4,521,346412,9.8,30481,60383970.11,1.1,7.6,5214
Egypt,Cairo,2021,2,120198,Family Visit,12,2511,62.4,282,Unrated,464,301761,35028,13.8,844,691687,9.2,55946,42281988.49,3.3,9,1778
Italy,Venice,2023,8,156718,Business,9,770,85.8,406,1-star,202,120750,33615,12.5,1164,526492,7.5,23590,75084821.34,1.5,5.5,767
Italy,Florence,2023,6,88744,Cultural,10,4514,76.6,116,5-star,496,400613,47662,6.3,1097,82125,6.8,92869,31371149.09,2.3,7.2,5601
Italy,Venice,2020,2,56895,Religious,8,4634,62,113,1-star,447,263672,24932,12.1,1731,786786,5.7,14739,15105233.28,3.7,8.7,3983
Singapore,Singapore City,2023,7,135435,Educational,13,2282,50,475,5-star,449,309097,32750,15.5,723,611669,9.9,51409,16698476.25,3.4,7.2,1441
Australia,Sydney,2024,9,168724,Cultural,14,3951,53.4,395,2-star,131,666598,27942,18.9,1343,452932,8,127011,54174164.46,2,5.6,1075
Germany,Munich,2021,5,57213,Medical,11,1636,72.8,383,Unrated,318,93590,44601,20.0,2409,403383,4.9,11422,19542140.14,1.4,5.5,3161
United States,Las Vegas,2022,11,154470,Family Visit,14,1361,70.8,180,4-star,154,210170,28763,7.6,1567,857039,7.2,60360,32009099.61,8.3,5.3,3279
Brazil,Rio de Janeiro,2023,7,101514,Family Visit,14,3768,51,316,Unrated,341,382542,25968,14.6,3861,505651,5.7,30323,31598373.29,2.1,8,6742
Singapore,Singapore City,2023,12,119893,Business,4,1708,64.6,220,2-star,241,204810,26168,6.3,2272,471001,7.4,22437,30629052.75,5,9.5,8828
Egypt,Luxor,2023,8,146134,Medical,5,4012,50.1,274,4-star,493,586307,27538,1.7,534,87310,3.6,111342,30942132.05,4.1,9.6,4539
Italy,Rome,2024,3,100255,Business,13,637,44.5,177,3-star,334,63868,27401,5.0,3884,801690,7.6,13210,28941563.95,9.6,8.4,7048
South Africa,Johannesburg,2022,9,160160,Educational,12,3810,44,441,2-star,429,610144,44873,5.4,3262,769831,3.9,64132,75293662.91,8.8,7.5,458
Turkey,Antalya,2023,9,152081,Leisure,10,1348,80.2,214,2-star,201,205043,44709,10.4,4308,284622,7,22590,60443225.79,7.8,6.6,8228
Spain,Madrid,2023,4,100227,Religious,5,617,54.3,450,Unrated,74,61793,21988,6.4,1097,895308,2.7,12002,16230415.38,4.2,8.5,816
United States,San Francisco,2020,9,152390,Business,8,3030,40.3,319,1-star,126,461666,38837,14.4,1863,87276,4.3,88746,68984451.95,9.5,8.7,3373
Italy,Florence,2020,4,160545,Family Visit,8,2029,76,438,4-star,136,325685,11554,7.8,3890,962752,7.7,38456,23600233.17,3.3,9.6,500
Turkey,Istanbul,2021,8,69239,Religious,9,3184,58.3,252,2-star,284,220441,26217,3.2,2910,851123,9.4,28015,31006364.4,7.9,6.2,8425
India,Delhi,2021,1,173313,Leisure,12,1399,58.6,395,4-star,140,242380,37471,3.2,752,104213,5.4,44890,74064315.14,2.5,9,3341
United Kingdom,London,2022,9,85825,Medical,11,2354,46.9,338,5-star,468,202039,16688,13.1,1212,601039,6.5,23026,22557445.84,7.1,6.1,1179
Canada,Vancouver,2023,4,175758,Medical,9,1684,76.2,471,3-star,359,295952,14777,9.2,4485,193953,3.9,27992,34404265.48,4.8,6.3,2753
China,Guangzhou,2024,6,177785,Cultural,12,3019,58,435,5-star,225,536685,29124,18.0,4683,442515,4,126717,28586418.7,2.2,6.7,5489
Brazil,Rio de Janeiro,2021,2,135283,Religious,5,785,46.6,257,5-star,335,106148,44349,11.6,921,748093,8.9,25273,14483136.08,5.7,7.6,1408
Italy,Venice,2020,9,167674,Leisure,5,4095,80.2,253,1-star,355,686670,25317,6.4,1939,465769,7,95366,71017218.67,3.7,7.9,9034
China,Beijing,2023,10,83734,Family Visit,7,1862,63,98,3-star,409,155950,43452,5.6,2415,898039,4.1,27221,23065962.89,3,5.7,3338
Germany,Frankfurt,2024,6,80408,Religious,4,3674,52.2,321,3-star,398,295427,5486,16.7,3696,551072,6.2,72866,8596838.84,5.9,9.3,338
Egypt,Luxor,2023,9,122379,Business,5,4701,57.2,181,2-star,349,575249,16864,4.4,3312,426826,5,49305,49649238.53,8.1,8.2,7904
India,Mumbai,2022,6,81113,Family Visit,15,3556,43.7,320,1-star,500,288460,10956,6.5,3465,85135,3.7,20658,8157642.88,5,9.2,9477
United States,San Francisco,2022,5,53262,Cultural,8,784,69.9,237,2-star,124,41776,20329,16.1,3920,461811,3.1,11293,12319609.03,2,9.4,4641
South Africa,Cape Town,2020,4,95771,Medical,8,1793,76.8,78,5-star,191,171685,43409,2.0,2501,466512,5.3,30179,21680095.86,7.6,9.4,6623
Australia,Brisbane,2023,10,62397,Cultural,13,2977,81.3,231,3-star,106,185784,18824,14.1,1282,819776,3.3,55651,10930106.4,2.3,5.5,8177
Canada,Vancouver,2020,8,86490,Leisure,10,2144,66.8,369,5-star,410,185394,18806,19.2,1416,669212,3.8,45143,10450496.97,1.1,9,1068
India,Delhi,2024,8,122833,Religious,4,1560,86.6,330,1-star,319,191626,46941,10.2,4029,50801,9.8,55848,22860157.08,8.3,6,9421
Brazil,Rio de Janeiro,2023,12,78363,Business,15,1805,82.6,64,2-star,280,141419,19855,18.8,3685,699362,4.3,28960,12832564.54,9.7,9.6,2989
Greece,Santorini,2021,8,59569,Leisure,3,4593,49.7,91,Unrated,189,273571,12612,12.4,3255,892329,4.9,40085,22393743.02,6.4,5.5,6720
Canada,Toronto,2020,11,174746,Medical,12,4964,71.5,248,3-star,82,867499,43677,17.6,1180,877363,3.7,128572,30031932.69,6.2,9.8,7686
Japan,Tokyo,2024,4,124408,Leisure,3,3290,57,364,5-star,246,409304,18541,4.6,3727,72948,7.9,41533,28448943.1,5.2,9.7,2417
Brazil,Rio de Janeiro,2024,10,151925,Business,3,4289,64.1,380,2-star,257,651596,19274,10.1,1793,216305,5.4,50765,22205537.84,8.2,7.6,8544
Brazil,Rio de Janeiro,2022,1,118295,Leisure,3,3395,53.1,391,5-star,154,401630,20248,16.2,3068,720397,9.1,27079,14584236.24,9.3,8.2,4910
South Africa,Johannesburg,2020,1,187863,Family Visit,11,2890,44.9,143,2-star,470,542999,14967,4.3,935,972451,8.9,101735,68095004.91,4.4,6.4,9107
Greece,Santorini,2021,7,124495,Religious,13,3443,65.6,363,4-star,108,428680,35418,9.5,3648,567561,6.1,62451,50156003.78,3.8,8,8433
United Arab Emirates,Dubai,2021,2,198348,Religious,2,826,54.5,201,1-star,111,163786,15892,14.5,3874,488895,8.1,18137,91903773.07,1.8,7.3,7731
India,Delhi,2023,5,89994,Medical,11,3662,87.8,356,Unrated,194,329543,23205,19.1,3151,649830,8.6,46316,32774724.84,5.2,6,8849
Mexico,Cancun,2022,8,110645,Leisure,10,4324,54.6,206,3-star,387,478461,17213,3.5,3637,681445,5.8,135742,48018016.95,8.6,6.5,3226
United Kingdom,London,2020,3,62120,Family Visit,13,2160,82.7,366,3-star,158,134207,24093,14.2,4905,225885,9.1,20282,17533385.29,7.4,9.1,830
Singapore,Sentosa Island,2022,3,197000,Business,4,4241,78.3,106,5-star,224,835400,42134,11.1,3416,917190,3.2,85259,39438056.2,8.3,6.4,2789
Greece,Santorini,2023,9,139110,Educational,9,4395,52.1,461,1-star,83,611444,12999,15.2,4121,168371,8.4,177256,58017910.86,6.4,7.5,1745
South Africa,Cape Town,2023,5,60435,Cultural,7,1185,73.3,59,4-star,167,71617,48005,12.1,901,678203,2.4,19032,12474300.76,6.3,7.5,7980
South Africa,Cape Town,2023,6,187521,Medical,14,2224,76.5,226,5-star,408,417002,33952,9.5,4984,861624,9.4,71286,55539902.03,2.1,9,8305
Australia,Sydney,2020,2,66365,Business,14,4599,87.2,395,5-star,178,305193,39012,3.5,3970,557730,4.5,33746,31178125.23,5.7,5.1,1009
China,Shanghai,2024,7,164110,Business,5,4125,42.9,112,5-star,337,676993,37624,11.9,1715,969199,4.7,111715,35951824.43,1.3,8,110
Turkey,Istanbul,2020,5,190302,Family Visit,3,4976,64.1,177,1-star,360,946880,18662,7.8,2289,986924,1.4,103360,86758604.94,1.1,6,7183
United States,Miami,2023,9,88262,Family Visit,10,1678,43.3,107,3-star,349,148061,12689,17.7,4890,531947,7.5,41394,23231986.89,2.7,7.6,6575
Spain,Barcelona,2024,5,195800,Business,2,3655,45.7,158,Unrated,105,715561,43699,15.9,1745,167408,1.6,85535,44995360.76,9.5,6.4,7081
South Africa,Cape Town,2024,12,105654,Leisure,12,523,85.9,414,1-star,332,55241,10958,15.0,2678,896626,2.2,13461,21756961.46,9.4,8.6,873
Australia,Sydney,2023,3,115888,Business,6,3450,52,167,Unrated,419,399852,32213,10.7,4977,636510,7.6,48754,45755526.77,1.6,9.3,5856
United Kingdom,Manchester,2022,8,192326,Business,8,3250,71.2,236,5-star,256,624984,20545,5.6,4608,534427,4.1,157455,46649863.67,1.9,9.8,9216
China,Shanghai,2024,1,59795,Medical,7,4010,78.6,379,4-star,265,239801,36042,12.3,3660,603669,6.4,45556,17613335.64,5.5,5.9,970
Spain,Barcelona,2022,8,130770,Leisure,9,1090,78.3,57,1-star,169,142521,20321,17.6,2212,692216,3.6,24610,36019886.99,7.8,7.1,7827
