Country,City,Year,Month,number_of_tourists,Purpose_of_Visit,Average_Length_of_Stay,tourist_spending_usd,Hotel_Occupancy_Rate,Number_of_Hotels,Hotel_Rating,average_room_price_usd,tourism_revenue_usd,employment_in_tourism,Contribution_to_GDP_Percent,number_of_flights,Airport_Passenger_Traffic,Transport_Infrastructure_Quality,eco_tourism_revenue_usd,Carbon_Footprint_kg,Waste_Management_Rating,Tourist_Satisfaction_Score,number_of_online_reviews
Italy,Venice,2022,2,171958,Cultural,12,1325.0,79,70,1-star,120.0,227923.0,21850,2.9,3944,225203,2.3,48484.0,21075968.92,7.5,9.7,2533
India,Mumbai,2020,3,55311,Religious,15,3279.0,70.6,302,Unrated,244.0,181347.0,46434,12.6,2547,704811,9.8,19620.0,7535713,6.6,6.9,1367
Japan,Tokyo,2022,4,81551,Leisure,8,4370.0,74,378,1-star,79.0,356356.0,15627,18.9,2561,255041,4.5,19240.0,15686948.95,3.2,8.4,875
United Kingdom,Manchester,2021,1,160510,Educational,4,2260.0,49.1,437,2-star,190.0,362716.0,16653,5.0,4343,221829,1.3,94513.0,44927014.38,4.6,9.6,7729
Egypt,Luxor,2022,12,141387,Cultural,3,1964.0,59.4,387,5-star,293.0,277683.0,26271,7.8,879,566588,2.3,69573.0,18354896.74,9.9,8.9,2127
Italy,Rome,2023,7,183767,Religious,2,4170.0,75.3,212,3-star,406.0,766231.0,17666,2.4,2778,900937,2,203646.0,64193350.75,4,5.3,2554
Japan,Osaka,2020,7,127373,Religious,6,3783.0,71.9,84,1-star,263.0,481881.0,13110,14.6,4340,264020,6.1,116973.0,37895790.6,5.7,7.1,7821
Brazil,Sao Paulo,2020,8,73419,Religious,3,641.0,71.8,101,1-star,303.0,47093.0,27403,18.2,2178,823290,2.8,13455.0,24929141.47,7.3,9.4,9889
United Arab Emirates,Dubai,2020,2,159556,Educational,13,4117.0,49.3,335,3-star,447.0,656815.0,23047,16.3,3802,437261,2,70269.0,43214644.13,8.4,9.3,7626
France,Paris,2024,8,71959,Leisure,9,2682.0,74.6,283,1-star,202.0,192975.0,39766,4.2,4243,643128,4.6,12779.0,14504499.71,3.2,8.5,7654
India,Delhi,2021,2,117172,Family Visit,6,666.0,70.5,179,1-star,235.0,78035.0,5854,6.3,3974,227789,2.3,13450.0,57913454,3.2,8.4,302
Turkey,Istanbul,2022,5,159751,Educational,5,3777.0,58.4,421,3-star,493.0,603375.0,28509,11.2,1108,405528,3.9,58304.0,18580647.86,6.3,8.4,6646
Greece,Athens,2022,2,174249,Educational,9,1519.0,72.3,357,Unrated,473.0,264724.0,23343,8.3,2885,323255,2.2,35808.0,25333959.04,9.3,9.4,362
Turkey,Antalya,2023,12,96843,Cultural,4,4920.0,65.8,418,4-star,159.0,476444.0,43191,19.3,3608,341999,6.7,64204.0,23211701.13,7.5,9.5,6395
Germany,Frankfurt,2021,4,170885,Educational,12,3389.0,44.2,469,4-star,454.0,579153.0,7557,18.9,2700,817836,3.6,73171.0,50282142.51,5,10,8452
United States,San Francisco,2023,10,88467,Medical,5,1964.0,77.3,433,2-star,385.0,173776.0,38986,13.5,3604,306687,1.8,24664.0,18231363.14,3.2,9.9,3536
Germany,Berlin,2021,9,126213,Business,14,2455.0,57.5,146,4-star,310.0,309824.0,46919,17.4,3567,221836,5.5,59796.0,51421903.12,1.4,10,2305
Spain,Seville,2021,11,93484,Religious,6,4476.0,77.4,86,3-star,468.0,418408.0,36216,11.5,1106,509451,8.7,51720.0,23748590.42,8.7,6.6,8419
United States,Miami,2020,9,76641,Cultural,9,4713.0,74.8,409,3-star,82.0,361186.0,12455,13.8,2186,872209,3.3,44723.0,17552345.25,8.6,5.7,7443
Egypt,Luxor,2023,5,155510,Religious,6,4142.0,80.5,458,5-star,325.0,644143.0,28355,10.7,4631,906748,2.7,43631.0,40232541.19,1.5,9.4,9458
China,Guangzhou,2024,7,194475,Religious,10,2473.0,73.6,100,4-star,260.0,480962.0,27677,12.2,2215,120313,8.4,67358.0,29331537.28,5.7,8.8,3151
Japan,Kyoto,2023,1,164692,Family Visit,8,4289.0,49.7,399,3-star,293.0,706380.0,44734,3.6,4864,283841,5.6,92352.0,68853521.92,3.4,7.2,9661
Greece,Athens,2023,4,140852,Leisure,4,864.0,61.4,445,3-star,234.0,121686.0,6081,18.4,3349,227247,5.9,27823.0,51281248.36,3.5,9.8,4170
Brazil,Sao Paulo,2022,6,79375,Medical,9,3253.0,61,125,4-star,305.0,258186.0,8506,15.4,3244,405612,2,15879.0,9230639.47,8.7,8.5,6717
United States,San Francisco,2020,12,171172,Family Visit,8,1279.0,61.7,72,5-star,72.0,218999.0,19069,13.1,3349,700419,4.4,45216.0,51566335.86,8.7,8.3,4711
Thailand,Bangkok,2023,9,77663,Cultural,3,3391.0,41.3,433,Unrated,336.0,263347.0,5851,11.9,4246,403824,5.1,49089.0,37013092.58,4.5,9.8,4013
Germany,Munich,2022,6,132986,Educational,5,812.0,45,435,1-star,68.0,108002.0,39850,7.4,4685,599639,4.5,23804.0,31417919.6,3.3,7.5,925
Mexico,Cancun,2023,9,139588,Family Visit,7,4715.0,42,266,3-star,412.0,658146.0,32384,11.4,3004,741095,8.3,195882.0,36997390.51,4.3,8.9,9979
Brazil,Sao Paulo,2021,8,188429,Educational,9,1574.0,74,328,3-star,390.0,296529.0,26352,8.2,4452,588685,5.5,43710.0,41276139.32,1.9,5.3,7500
Canada,Toronto,2023,9,109163,Educational,14,4778.0,68.7,416,4-star,87.0,521551.0,42259,7.2,3438,399652,7.8,129290.0,45395134.13,1.8,7.5,6641
Australia,Melbourne,2020,9,176174,Business,3,3817.0,67.3,380,3-star,103.0,672396.0,11731,14.1,1453,281915,8.8,174568.0,47643895.81,3,7,7038
Italy,Rome,2023,1,69065,Business,4,2810.0,51.7,185,2-star,218.0,194071.0,31432,17.7,2180,742440,6.3,26695.0,26470713.71,5.3,6.9,4286
Mexico,Cancun,2023,3,75289,Educational,14,1000.0,64.6,190,4-star,232.0,75318.0,8709,2.1,955,456332,8.4,17779.0,28038810.97,3.1,7,1631
France,Marseille,2024,6,78016,Cultural,3,2878.0,61.8,107,5-star,55.0,224504.0,27700,1.8,4675,536261,9.3,62812.0,15696512.38,7.3,5.4,6290
India,Delhi,2020,2,67640,Educational,5,1825.0,89.8,103,Unrated,313.0,123458.0,24087,15.0,1853,978479,1.5,18350.0,9652392.12,4,5.8,6919
United States,Los Angeles,2024,9,111529,Cultural,7,1532.0,53.3,406,1-star,488.0,170894.0,25159,9.6,3008,740907,3.4,14235.0,14552320.85,9.5,7.1,4904
France,Nice,2022,12,100990,Business,14,872.0,83.8,300,4-star,70.0,88101.0,6015,8.2,3636,674785,9.9,7718.0,34099504.38,4.4,9.8,7038
Canada,Montreal,2024,4,96540,Religious,3,666.0,46.7,454,4-star,75.0,64267.0,34189,14.1,3256,934574,7.7,17885.0,32250134.34,7.5,8.8,4278
Germany,Frankfurt,2023,7,194528,Religious,5,1423.0,52.6,222,4-star,323.0,276755.0,26949,17.7,2323,142193,4.2,21695.0,71708716.24,5.7,8.9,4463
South Africa,Johannesburg,2023,12,165765,Medical,15,898.0,79.6,450,1-star,110.0,148830.0,24758,9.0,1752,876196,6.8,37395.0,76460834.1,6.6,9.9,9621
Thailand,Chiang Mai,2024,11,105393,Business,10,2997.0,44.6,357,5-star,296.0,315828.0,36703,18.3,3677,303490,7.3,78678.0,29904075.25,8.6,8.8,6071
Greece,Santorini,2024,7,175911,Leisure,3,3294.0,57.4,175,5-star,335.0,579386.0,17015,7.5,1260,729574,2.2,50972.0,27359590.71,6.8,5.9,8572
Germany,Munich,2020,7,151570,Educational,9,4879.0,70.1,100,3-star,68.0,739510.0,26508,7.6,4400,335205,1.8,59278.0,43093095.15,2.9,6.8,7340
Singapore,Singapore City,2022,5,73321,Cultural,12,3326.0,44.1,399,2-star,121.0,243833.0,9432,6.3,2555,964032,6.4,72312.0,23069445.1,9.3,6.2,8250
Germany,Frankfurt,2022,3,117661,Family Visit,8,3864.0,41.8,361,Unrated,110.0,454597.0,10122,18.0,3297,498874,5.8,34910.0,32823294.6,5.8,6.2,8252
Turkey,Istanbul,2021,4,161076,Business,4,3038.0,82,135,3-star,197.0,489323.0,9632,17.9,3783,449384,7.1,121006.0,48222430.25,1.8,7.7,8043
Italy,Venice,2022,2,131264,Educational,9,2204.0,56.9,229,5-star,341.0,289369.0,39529,5.6,2862,853692,4,82014.0,13521996.26,3,6.8,6867
Singapore,Sentosa Island,2023,6,126125,Educational,4,4535.0,44,292,2-star,58.0,572032.0,9324,19.7,505,696465,6.2,159797.0,12879885.32,9.8,7.5,5660
Thailand,Phuket,2023,3,103441,Educational,9,3072.0,54,349,3-star,142.0,317798.0,35105,7.1,2310,239139,5.6,35149.0,15095634.4,6.5,6.4,1928
Spain,Madrid,2024,12,51917,Educational,4,2665.0,66.6,210,4-star,216.0,138366.0,5009,11.4,2173,969723,2.8,30599.0,7016439.49,2.2,5,2924
Egypt,Cairo,2021,11,143070,Religious,8,2353.0,57.4,354,2-star,433.0,336684.0,17219,19.3,4929,379588,7.6,95815.0,24678605.91,1.6,8.7,6051
Canada,Toronto,2024,7,137388,Business,4,4079.0,50.1,335,1-star,421.0,560364.0,20524,16.5,577,549097,9.2,72315.0,46069311.03,7.1,7.3,7043
India,Mumbai,2021,10,193026,Family Visit,10,2929.0,61.9,202,4-star,210.0,565375.0,16246,8.3,2497,964228,9.2,116501.0,28328344.48,9.5,8.1,8235
Turkey,Istanbul,2020,12,130910,Family Visit,13,2729.0,77.1,460,5-star,405.0,357307.0,15789,15.3,3568,900916,8,30651.0,23801773.08,7.4,7.5,1965
Mexico,Cancun,2020,2,96197,Family Visit,13,998.0,82.3,265,2-star,322.0,95989.0,40996,11.3,3728,64382,4.7,23323.0,10089259.58,6.4,7.8,893
Egypt,Luxor,2021,8,174714,Educational,10,4221.0,88,409,3-star,313.0,737396.0,17999,9.0,845,126077,6.5,204969.0,27193618.7,1.9,6.3,9931
Italy,Venice,2022,10,77306,Business,14,3043.0,74.8,425,4-star,60.0,235250.0,5126,3.9,1103,770670,6.5,36707.0,30503223.23,9.4,9.6,1892
Italy,Rome,2020,11,126589,Family Visit,5,1245.0,49.3,362,5-star,199.0,157583.0,42430,5.3,3208,717054,1.5,21085.0,53311866.08,1,6.7,8866
United States,New York,2020,10,113731,Religious,9,4639.0,57.3,259,1-star,266.0,527638.0,41368,12.2,1454,251579,9.2,59125.0,37650963.91,2.5,5.2,6420
United States,Las Vegas,2022,6,144270,Business,6,1490.0,50.6,98,3-star,130.0,215026.0,24816,3.8,4201,205989,1.8,64340.0,43407669.66,6.4,5.3,2582
Spain,Seville,2022,11,74442,Leisure,12,2072.0,63.4,354,3-star,66.0,154262.0,29861,16.9,2565,476752,8,25194.0,23058864.17,5,7,5897
United States,Los Angeles,2023,2,169614,Medical,3,2005.0,43.8,180,2-star,218.0,340013.0,39249,18.1,3951,963376,1.2,30274.0,65536965.45,6.9,5.1,6054
India,Mumbai,2023,8,80678,Leisure,11,589.0,45.2,288,Unrated,306.0,47495.0,44986,13.4,3554,522327,1.9,5262.0,31376220.61,8.7,9.2,4647
Thailand,Bangkok,2022,9,104771,Business,11,1422.0,54.7,481,3-star,89.0,149029.0,9425,2.6,2698,758754,2.1,40105.0,37421081.69,7.3,9.6,6952
China,Shanghai,2022,6,137955,Religious,6,4213.0,58.2,168,5-star,171.0,581202.0,19596,7.6,1779,244269,4.3,154174.0,25908529.8,9.8,8.9,2779
Germany,Berlin,2024,6,117642,Business,14,4099.0,61.3,164,1-star,281.0,482256.0,17808,11.3,736,936040,3.3,40914.0,51053345.17,9.9,7.6,9096
Singapore,Sentosa Island,2024,8,131994,Educational,13,2883.0,80.8,90,4-star,173.0,380602.0,44952,8.7,2122,623044,1.1,32055.0,60718224.24,8.9,8,6236
India,Jaipur,2022,3,97924,Medical,4,4615.0,60.9,239,Unrated,284.0,451905.0,25609,4.2,1886,242192,1.7,90737.0,19402626.49,4.5,6.4,7779
Germany,Berlin,2024,8,61046,Educational,10,4772.0,59.8,201,3-star,472.0,291304.0,28863,5.1,1250,294883,2.5,75850.0,26772525.43,9.6,5.8,253
Mexico,Puerto Vallarta,2024,1,182596,Leisure,7,2082.0,60.6,110,Unrated,360.0,380152.0,18350,2.4,4069,477236,1,110976.0,18643330.5,1.9,6.6,4190
United Kingdom,Edinburgh,2020,2,56960,Educational,4,4776.0,62.3,352,4-star,89.0,272045.0,49623,17.6,4562,757220,7.8,62849.0,20214684.31,9.8,9.5,5487
Thailand,Phuket,2020,8,127454,Leisure,11,732.0,73.5,337,4-star,368.0,93319.0,9806,20.0,3657,930889,3.8,7478.0,50014156.41,2.7,5.6,9118
South Africa,Johannesburg,2023,4,187809,Medical,12,747.0,62.8,492,2-star,423.0,140288.0,26776,13.4,3723,171826,6,23886.0,85265162.54,5.8,7.2,7226
United Arab Emirates,Dubai,2021,12,144071,Religious,9,4058.0,55.9,259,3-star,284.0,584676.0,18737,17.7,4021,173618,8.8,32343.0,64814757.87,5.8,9.7,3910
Brazil,Sao Paulo,2020,3,146122,Family Visit,15,2078.0,78.4,367,Unrated,266.0,303671.0,17984,12.0,2271,895038,4.6,22145.0,34272649.97,5.7,8.7,3860
Spain,Madrid,2020,8,52050,Educational,8,1837.0,82.6,195,Unrated,155.0,95590.0,45600,6.3,3132,447710,4.5,21021.0,9749045.95,9.5,8.9,9230
Germany,Munich,2023,10,181878,Educational,13,4751.0,63.4,382,1-star,495.0,864155.0,29262,19.8,1384,376898,5.6,93041.0,31030426.16,3,5.9,6502
China,Beijing,2020,12,195271,Cultural,7,760.0,88.5,226,1-star,283.0,148463.0,23297,11.0,2414,57657,5.6,25654.0,97349293.31,9.1,7.3,4976
Mexico,Cancun,2022,2,57287,Cultural,12,657.0,84.7,406,4-star,91.0,37631.0,23024,8.4,3182,567083,5.3,2299.0,25256544.38,1.3,6.6,9852
Thailand,Chiang Mai,2021,2,114772,Religious,12,1766.0,52.6,87,4-star,167.0,202717.0,8972,1.9,1413,942964,3,44763.0,14972276.4,8.7,7.5,417
Thailand,Phuket,2021,10,52396,Business,14,3071.0,73.1,89,2-star,305.0,160905.0,39080,17.7,2883,69623,3.2,14374.0,8601329.57,4,6.2,4386
Germany,Frankfurt,2020,10,119274,Cultural,12,1214.0,84,363,4-star,259.0,144765.0,17713,3.4,4008,479725,9.2,7279.0,38462608.11,7.8,6.3,5443
Singapore,Sentosa Island,2022,4,125418,Educational,15,3343.0,53,237,3-star,54.0,419292.0,6007,3.0,4026,79257,4.9,109029.0,32214928.25,2.6,8.8,377
Mexico,Puerto Vallarta,2023,10,194579,Religious,4,3969.0,87.4,241,4-star,369.0,772253.0,13073,10.0,521,333097,1.7,203183.0,96522732.09,7.1,7.2,9054
Thailand,Phuket,2023,6,137266,Medical,10,2226.0,43.3,82,2-star,196.0,305590.0,32570,5.8,4109,61745,3.5,91457.0,37126681.05,5.1,5.8,9178
China,Beijing,2020,9,125932,Family Visit,6,4280.0,78.6,133,5-star,345.0,538959.0,27042,17.5,3953,818747,1.3,125479.0,58408496.29,8.7,9.8,1782
Germany,Berlin,2021,3,178386,Leisure,6,1943.0,76.2,211,3-star,146.0,346665.0,31431,17.5,1291,557403,6.1,58199.0,56600650.92,2.4,6,3776
Canada,Montreal,2020,11,189783,Family Visit,12,4302.0,78.1,436,4-star,409.0,816355.0,43827,1.6,4399,888530,2.7,135127.0,19071812.55,6.4,8,1975
Spain,Barcelona,2022,8,84531,Family Visit,9,1515.0,48,263,5-star,312.0,128059.0,40201,16.2,894,997263,5.1,6775.0,10902703.15,4.5,7.4,8457
Italy,Venice,2022,10,56154,Business,11,4371.0,79,441,2-star,376.0,245424.0,8762,3.0,2948,89499,9.9,21014.0,16821226.15,6.6,8.5,9005
Canada,Toronto,2024,3,72431,Cultural,14,826.0,66.7,282,Unrated,208.0,59819.0,28116,2.5,1417,364470,2.2,11478.0,27218554.87,8.2,6,9178
Japan,Osaka,2020,1,112768,Medical,14,1059.0,84.8,58,1-star,471.0,119420.0,31015,6.7,1215,563287,9.5,24640.0,46614805.58,6.5,7.4,558
China,Beijing,2021,5,148511,Business,9,4178.0,62.6,52,4-star,68.0,620455.0,34545,9.3,2634,684379,2.4,166248.0,27873375.39,9.8,6.7,2027
Greece,Santorini,2023,1,78380,Medical,12,3464.0,64.9,131,2-star,59.0,271522.0,21082,5.3,811,839352,5.4,19110.0,20481050.19,3,7.1,452
India,Mumbai,2022,2,162340,Business,12,3842.0,61.3,53,5-star,381.0,623740.0,41221,19.8,2212,392962,6.2,99582.0,63329331.44,5.4,9.4,9733
Australia,Brisbane,2023,4,174677,Business,11,4965.0,54.2,174,4-star,145.0,867201.0,38297,13.0,3458,893488,2.2,198551.0,80982529.44,2.6,6.2,6577
Australia,Melbourne,2023,9,83142,Business,7,811.0,61.9,365,Unrated,232.0,67436.0,37781,10.8,3655,811985,1.9,14366.0,18695245.49,4.6,9.3,4456
Turkey,Antalya,2022,1,194832,Business,12,1089.0,88.5,352,5-star,156.0,212158.0,49738,9.4,3139,252332,4,54572.0,53063471.2,3.2,8.1,6756
South Africa,Johannesburg,2021,6,158856,Leisure,4,1254.0,41.8,470,1-star,211.0,199251.0,20563,10.0,4068,321991,8.3,39121.0,71057641.01,2.9,5.6,4053
Mexico,Cancun,2022,8,131537,Educational,4,1540.0,42.6,50,3-star,105.0,202579.0,25677,4.4,1508,900610,1.4,17642.0,65065046.59,9.7,5,7573
United Kingdom,London,2022,2,111212,Religious,13,2546.0,65.8,227,5-star,204.0,283182.0,18605,3.7,4903,440479,9.5,66045.0,18344726.11,2.7,8.7,6912
Thailand,Bangkok,2022,6,155823,Medical,5,4835.0,52.8,242,5-star,427.0,753414.0,20577,8.1,3985,498625,3.2,194169.0,69472677.06,7.9,5.6,4540
Japan,Tokyo,2022,12,104061,Family Visit,14,3203.0,87,191,5-star,227.0,333280.0,18380,12.0,3791,512785,10,20681.0,51080389.11,4.7,9.4,3928
Italy,Rome,2020,11,164044,Cultural,12,4666.0,61.9,131,4-star,445.0,765354.0,30426,17.5,4212,444583,3.7,162461.0,37951988.06,6.7,8,2290
Egypt,Luxor,2022,12,190180,Religious,7,2968.0,69.8,273,2-star,218.0,564502.0,27443,1.3,3838,810674,2.5,118909.0,76782841.71,5.5,7.7,6571
Canada,Montreal,2020,12,81348,Educational,13,990.0,47.4,353,4-star,311.0,80545.0,16563,10.1,542,470182,8.3,18488.0,39226776.65,1.2,6,9306
India,Jaipur,2020,2,109182,Leisure,3,4796.0,72.7,100,5-star,77.0,523634.0,18076,10.1,1463,843583,5.7,113903.0,51516691.56,5.8,7.9,205
Thailand,Phuket,2020,8,158177,Business,7,4895.0,81.2,399,3-star,132.0,774318.0,49139,4.4,4154,532238,2,148536.0,32050632.58,9.7,7.4,1898
United States,New York,2020,8,109189,Educational,9,695.0,71.7,428,3-star,51.0,75926.0,28669,10.8,1743,275160,8.1,16070.0,18552234.98,4.2,9.5,6395
Egypt,Cairo,2023,7,169503,Religious,9,1650.0,55.1,201,4-star,420.0,279748.0,12227,13.8,645,284386,6.6,45583.0,56723057.73,2.5,8.7,1349
United Kingdom,London,2022,3,67014,Family Visit,9,1303.0,55.6,468,2-star,323.0,87320.0,28711,13.1,1468,208285,6.7,5642.0,10501747.68,3.5,8,9869
Turkey,Istanbul,2021,3,81910,Leisure,11,571.0,57.1,351,5-star,97.0,46786.0,22625,7.4,1690,744892,1.7,3341.0,37488269.82,2.7,6.6,5289
Greece,Santorini,2022,11,118008,Family Visit,10,2491.0,81.6,493,5-star,410.0,293939.0,41378,13.2,3323,892981,6.3,64676.0,22696676.38,5.1,6,5349
Mexico,Mexico City,2021,5,175541,Cultural,9,3788.0,63.3,313,3-star,311.0,664937.0,35137,19.2,2368,885036,7.2,66649.0,55177991.02,1.9,7.3,3183
Japan,Osaka,2023,4,96479,Family Visit,11,4080.0,86.4,286,3-star,104.0,393588.0,34301,19.9,4443,243783,5.9,102533.0,29752501.88,6.6,5.4,4995
Italy,Rome,2024,11,169968,Medical,10,2781.0,48,191,4-star,103.0,472642.0,10782,6.0,2101,265400,1.8,134343.0,54648263.7,3.7,7,7674
Australia,Melbourne,2021,11,68073,Religious,10,2821.0,86,476,4-star,309.0,192004.0,10435,17.2,4607,802878,4.6,35508.0,23905877.58,7.1,7.7,7729
Canada,Montreal,2022,1,123861,Leisure,4,1454.0,80.9,448,1-star,231.0,180084.0,11721,3.9,3478,704801,9.6,34803.0,58597684.9,6.2,7.4,4359
China,Guangzhou,2023,2,55901,Leisure,4,4542.0,81.5,485,2-star,276.0,253912.0,28429,3.8,3029,295127,5.3,44822.0,10790041.39,1.7,8.9,8834
China,Guangzhou,2024,6,78179,Business,8,975.0,72,398,Unrated,58.0,76263.0,42947,7.9,2453,409177,2.9,13052.0,31404615.14,6.6,6.5,5178
Thailand,Chiang Mai,2022,2,94936,Religious,4,1046.0,55.2,420,4-star,130.0,99325.0,28291,12.7,2138,629111,8.3,20243.0,21123397.5,6.6,7.6,3402
United Kingdom,Edinburgh,2020,10,107009,Business,4,4490.0,62.5,56,2-star,286.0,480440.0,32605,16.7,2264,547660,7.9,25347.0,28513789.28,5.3,5.1,7858
United States,Los Angeles,2022,12,74022,Medical,4,2909.0,50.8,262,1-star,425.0,215323.0,21052,16.2,4768,706031,5.4,16673.0,23626622.92,5.1,9.2,8061
United Kingdom,Edinburgh,2022,10,60749,Business,4,1961.0,76.9,281,3-star,415.0,119131.0,33380,8.5,3993,306553,8.1,32525.0,29289150.75,8.1,6.6,6372
India,Delhi,2023,12,53631,Medical,5,4284.0,41.9,493,Unrated,402.0,229751.0,46674,10.4,1275,471818,5.1,24524.0,24442669.69,5.1,9.4,7183
France,Paris,2022,1,113936,Educational,8,715.0,41.9,136,1-star,372.0,81492.0,12788,16.2,3211,782176,9.6,19100.0,27492820.99,3.7,6.7,5430
France,Marseille,2023,8,175426,Family Visit,4,1283.0,44.9,399,3-star,424.0,225158.0,15759,6.0,2073,471486,1.7,65738.0,38274078.21,7.9,8.1,3109
India,Delhi,2021,6,147661,Family Visit,5,812.0,88,168,3-star,69.0,119848.0,39964,3.4,1269,371909,5.4,33566.0,45524957.84,6.5,5.8,621
Italy,Florence,2022,8,95838,Business,3,3193.0,44.8,364,Unrated,298.0,306048.0,44896,4.1,4583,969965,9.4,67023.0,28599893.11,1.1,10,9859
Spain,Barcelona,2021,6,170029,Medical,13,4309.0,85.9,67,1-star,336.0,732708.0,44933,9.8,801,991415,6,69716.0,20665882.83,3.9,8.8,9660
China,Beijing,2023,12,93541,Medical,9,3776.0,45.4,262,2-star,377.0,353188.0,29858,19.3,1986,227558,8.6,82364.0,29642664.18,6.3,7.5,8994
South Africa,Johannesburg,2023,12,199109,Educational,9,3600.0,83.7,416,3-star,445.0,716788.0,41068,4.0,861,827401,1.1,80044.0,77768926.25,9.9,5.5,5443
South Africa,Johannesburg,2022,3,145081,Medical,11,1899.0,77.1,351,3-star,327.0,275535.0,30498,14.1,2659,481116,5.8,49883.0,63722348.63,8.6,9.2,1137
Italy,Florence,2021,1,195016,Family Visit,15,2156.0,56.3,292,4-star,429.0,420402.0,17087,10.5,1197,674771,4.5,88638.0,80377777.1,3,5.7,8009
Mexico,Cancun,2024,10,153892,Educational,2,1303.0,41.5,479,3-star,210.0,200472.0,38848,8.4,2820,339910,8.9,35589.0,59919682.48,1.9,6.1,6743
South Africa,Cape Town,2022,2,86727,Family Visit,10,3544.0,80.2,208,3-star,60.0,307370.0,48922,10.5,1163,92092,7.7,90825.0,15952286.68,8.4,7.6,5569
Turkey,Antalya,2022,12,78854,Religious,12,1561.0,58.6,162,1-star,319.0,123119.0,32386,15.6,1519,595909,6.8,19122.0,27951451.97,8.1,5.6,1833
Turkey,Istanbul,2024,5,134045,Business,12,3830.0,87.5,374,3-star,133.0,513384.0,35268,19.6,4196,551597,8.5,60717.0,41182847.29,3.7,9.7,1549
Turkey,Istanbul,2022,2,75122,Cultural,8,4427.0,82.1,470,2-star,266.0,332587.0,30279,10.2,2125,200787,1.4,91787.0,34838284,8,5,785
India,Delhi,2022,12,57531,Medical,4,3881.0,72.8,85,1-star,56.0,223289.0,6431,2.1,2961,714917,3.4,24951.0,26608192.91,3.2,6.4,2114
Brazil,Rio de Janeiro,2021,1,190905,Medical,13,1707.0,47.8,277,5-star,65.0,325804.0,7643,12.8,1374,416008,4.1,41963.0,78031099.69,1.8,6.2,771
Italy,Florence,2020,2,188999,Business,9,1076.0,84.1,454,5-star,74.0,203353.0,7539,16.0,4760,461961,9.8,17537.0,73721382.94,2.7,6.7,8662
United States,San Francisco,2023,6,137896,Medical,14,4853.0,49.2,210,1-star,118.0,669223.0,29259,8.9,1097,855878,5.9,197507.0,26333143.94,4.6,7.7,6666
Singapore,Sentosa Island,2021,2,94629,Family Visit,9,3258.0,51.3,147,1-star,268.0,308306.0,18140,3.7,3637,695961,5.2,47153.0,34103287.29,5.9,5.3,8203
Turkey,Istanbul,2021,1,80651,Medical,7,4901.0,79.7,98,Unrated,141.0,395293.0,23708,4.1,1591,735933,7.8,21538.0,12138097.53,6.9,5.8,881
South Africa,Cape Town,2020,9,164586,Cultural,14,3021.0,77.5,418,1-star,62.0,497185.0,21280,2.8,4470,224023,3.5,73425.0,69017110.63,4.3,7.3,2526
Spain,Madrid,2023,12,153850,Family Visit,12,4840.0,50.2,123,3-star,92.0,744656.0,38243,15.4,984,311716,3.8,156876.0,27437043.61,9.1,7.6,7071
Thailand,Phuket,2022,3,135445,Cultural,12,1925.0,82.9,308,Unrated,454.0,260790.0,6898,19.7,3476,961579,2.8,25050.0,61979074.51,6.9,5.8,2407
Greece,Santorini,2022,4,89901,Family Visit,10,876.0,84.1,61,3-star,383.0,78716.0,49918,19.4,1074,81852,9.9,17080.0,31813132.85,2.5,9.4,9886
Brazil,Sao Paulo,2023,6,58438,Leisure,4,3591.0,44.7,245,5-star,374.0,209843.0,29217,2.5,726,720396,4,26046.0,27307095.63,2,8.8,7644
Singapore,Sentosa Island,2023,5,199960,Religious,7,2724.0,81.4,335,5-star,128.0,544683.0,41116,3.1,1741,271373,7.5,84442.0,92410304.18,7.7,6,1198
Brazil,Rio de Janeiro,2024,11,155400,Medical,8,3098.0,76.9,157,5-star,262.0,481370.0,45718,5.8,4884,239139,7.7,36866.0,35115401.63,1,8.4,6444
Italy,Florence,2022,9,88547,Educational,5,4267.0,54,240,3-star,203.0,377803.0,38209,10.7,1836,493316,6.9,107514.0,39711717.32,7.9,8.9,7474
Egypt,Luxor,2022,2,191521,Leisure,11,4434.0,40,492,2-star,100.0,849208.0,20223,8.2,641,314803,4.4,69815.0,50773069.7,8.2,7.4,8572
China,Beijing,2024,9,111709,Religious,14,1760.0,82.9,132,1-star,488.0,196627.0,24330,15.3,2831,841507,9.8,40375.0,36157290.23,6.7,7.7,3090
China,Beijing,2024,8,106307,Religious,4,3667.0,67,473,4-star,168.0,389784.0,11816,9.9,2262,192312,3.7,91910.0,12677868.19,9.1,9.3,7904
United Kingdom,London,2024,3,139709,Cultural,6,4951.0,71.3,65,5-star,158.0,691648.0,36600,6.4,2815,235378,3.4,171038.0,46011725.49,6.9,6.3,7951
Egypt,Luxor,2024,7,66288,Leisure,12,2864.0,41.6,84,Unrated,423.0,189821.0,49096,1.5,842,82174,1.7,52707.0,18943340.15,2.2,6.7,6848
China,Beijing,2024,5,195639,Leisure,14,2504.0,79.4,228,4-star,157.0,489804.0,22862,3.5,1271,605083,5.4,104356.0,93948277.84,6.4,8.7,9402
Spain,Seville,2023,1,90197,Business,14,513.0,42,311,Unrated,71.0,46284.0,45583,5.5,4957,467216,5.1,7787.0,31479463.6,5.2,7.2,5908
Italy,Rome,2023,4,187868,Leisure,9,4344.0,42.5,185,1-star,67.0,816025.0,42755,6.4,840,315972,6.1,145389.0,40841663.3,9.4,7,5012
Thailand,Chiang Mai,2020,11,54648,Cultural,13,2892.0,84,232,3-star,443.0,158053.0,9492,13.8,2017,655842,5.1,44627.0,9076025.95,4.5,8.6,6232
Japan,Osaka,2023,5,184393,Cultural,11,4383.0,40.1,207,3-star,166.0,808187.0,5726,1.8,2375,335521,3.3,174829.0,77471234.88,7,5.5,1874
Egypt,Luxor,2022,5,60651,Business,9,4551.0,60.2,292,5-star,210.0,276050.0,10889,13.7,4700,951321,4.3,54773.0,6310886.58,6.7,9.6,7644
Egypt,Luxor,2021,9,156022,Family Visit,13,3758.0,46,51,1-star,289.0,586312.0,38154,11.1,4508,734029,5.8,95108.0,20869027.2,4.6,9.6,4769
Thailand,Bangkok,2021,1,169006,Business,8,4175.0,43.4,326,5-star,362.0,705642.0,40426,2.5,2620,742148,8.8,139415.0,32197610.79,4.5,7.3,3343
Brazil,Rio de Janeiro,2023,4,89758,Religious,12,945.0,84.5,209,2-star,217.0,84815.0,6141,14.4,4500,813799,4.4,7779.0,24433180.94,2.3,9.5,2706
Greece,Athens,2024,7,167961,Religious,10,3366.0,57,175,Unrated,318.0,565367.0,16120,13.9,1429,782847,3,167919.0,47297926.52,7.2,5.7,7080
United Kingdom,Manchester,2024,2,188141,Medical,2,2775.0,88.2,309,5-star,95.0,522007.0,12597,1.6,1757,782722,1.2,124787.0,53320890.97,3.6,9.5,2272
United Arab Emirates,Dubai,2023,4,58036,Medical,8,2499.0,89.7,250,5-star,493.0,145007.0,25538,19.3,2436,109500,9.7,35292.0,28556242.19,5.3,7.7,8656
Canada,Montreal,2023,10,136836,Educational,13,2482.0,55.1,465,4-star,369.0,339626.0,9857,2.1,3489,656590,3.4,99036.0,44209457.98,4.1,7.9,9595
Canada,Vancouver,2021,2,131532,Leisure,8,3318.0,64.4,484,5-star,402.0,436430.0,24554,17.7,2651,649253,6.1,89540.0,23744793.67,4.6,5.2,8948
France,Lyon,2024,6,85428,Business,9,1525.0,88.2,166,Unrated,320.0,130267.0,31421,11.1,3711,650309,2.2,32258.0,12808077,8.1,6.4,657
India,Mumbai,2022,2,98651,Cultural,15,4771.0,65.6,157,3-star,268.0,470664.0,34535,10.3,2110,471280,6.1,75450.0,33768446.56,9.3,6.8,3636
Thailand,Phuket,2022,10,163613,Religious,8,2496.0,70.1,288,4-star,308.0,408304.0,38132,10.1,3058,622744,1.5,20739.0,58259206.54,3.7,6.2,7842
Egypt,Cairo,2020,10,71826,Religious,8,2797.0,71.3,336,4-star,380.0,200894.0,38905,10.1,3920,186917,7.5,44826.0,11044975.04,3.7,6.8,6437
Spain,Barcelona,2020,11,193016,Cultural,6,1448.0,87.9,352,Unrated,496.0,279520.0,15503,19.9,4059,848022,1,17062.0,45689389.05,6.7,5.3,4336
China,Beijing,2023,6,92727,Business,14,4199.0,80.5,306,1-star,431.0,389330.0,15433,3.0,4106,389208,7.5,46752.0,34769151.97,1.2,6.5,3755
Thailand,Phuket,2022,1,91869,Family Visit,13,4765.0,43.6,110,1-star,95.0,437719.0,13549,6.7,2922,193521,8.2,99262.0,11032585.38,1.7,7,2655
Italy,Rome,2024,1,118487,Educational,6,1185.0,53.3,167,1-star,195.0,140464.0,33454,5.3,936,172258,4.2,29772.0,17674500.97,9,7.5,5665
Egypt,Luxor,2022,9,171929,Religious,10,3312.0,43.6,209,Unrated,287.0,569348.0,36921,14.6,1511,975748,8.2,107109.0,52965815.77,2.3,8.9,5685
Japan,Tokyo,2024,12,124763,Educational,9,1779.0,46.7,403,3-star,375.0,221982.0,12016,15.2,1764,663369,8,50781.0,42094325.7,9.1,7.9,6156
Australia,Sydney,2022,1,130811,Medical,12,1923.0,45.1,114,4-star,108.0,251578.0,10793,7.0,1318,141218,9.2,36310.0,63525924.7,1.8,8.4,6461
United Kingdom,London,2023,7,112368,Educational,14,4299.0,73.8,224,1-star,125.0,483084.0,17180,17.6,1428,561511,7.8,138980.0,42814028.43,3.7,5.5,7222
Italy,Florence,2022,4,55842,Religious,10,717.0,58,353,1-star,223.0,40030.0,30599,9.2,3874,641343,2.9,5691.0,13844644.74,1.5,8.8,2357
Italy,Venice,2022,10,77364,Family Visit,13,4327.0,50.6,378,2-star,441.0,334721.0,39773,5.1,3168,551590,6.5,41447.0,11963596.92,6.9,8.7,6569
Canada,Vancouver,2023,9,108283,Cultural,7,3709.0,50,405,5-star,88.0,401668.0,38002,8.0,2596,840645,8,74691.0,15153851.6,7.2,6.2,3273
United States,Los Angeles,2021,2,68199,Leisure,13,3692.0,87.4,212,5-star,272.0,251806.0,39926,7.3,4351,741381,3.4,58221.0,30761759.64,1.4,7,4023
China,Guangzhou,2023,4,152518,Family Visit,12,3978.0,66.1,235,4-star,436.0,606739.0,37245,1.3,2722,164397,4.3,57904.0,41820900.81,4,6.7,6298
South Africa,Johannesburg,2023,2,119561,Religious,5,3388.0,68.5,257,3-star,185.0,405117.0,25963,11.4,4902,726296,5.9,104294.0,40944695.78,3.6,6,8935
Egypt,Luxor,2020,9,140306,Educational,11,4718.0,70.2,254,4-star,386.0,661992.0,44382,13.8,1015,162217,9.9,72680.0,43816854.15,6.9,8.2,6783
Spain,Madrid,2024,8,99429,Leisure,7,1514.0,49.8,411,Unrated,453.0,150557.0,36226,12.0,960,430596,5.7,41645.0,16460710.53,6.8,9,6807
Brazil,Sao Paulo,2023,11,73989,Business,8,4506.0,75.4,291,5-star,361.0,333368.0,21241,1.1,2795,543216,9.6,60811.0,14557877.18,5.5,8.4,7657
Egypt,Cairo,2022,5,94605,Business,13,2568.0,67.3,446,3-star,256.0,242992.0,35722,4.1,1616,617815,2.9,15186.0,41385890.59,9.8,9,9838
United Arab Emirates,Dubai,2021,3,104110,Religious,5,4823.0,49.8,404,5-star,274.0,502104.0,35527,19.1,2993,925512,3,82717.0,48697969.08,2.6,6.1,9575
United States,San Francisco,2020,12,75372,Educational,14,4747.0,88,294,Unrated,479.0,357765.0,10366,8.5,2909,451415,8,45615.0,14532922.39,5.1,8.9,3767
Canada,Montreal,2021,5,143783,Religious,12,4348.0,70.2,470,4-star,54.0,625230.0,23020,8.2,4509,331854,6.7,65974.0,32878570.45,8.6,8.6,5822
Canada,Toronto,2021,2,131050,Family Visit,2,2664.0,73.1,59,1-star,456.0,349119.0,45695,19.8,2676,157096,7.8,49900.0,33677658.12,7.8,9.6,3796
China,Shanghai,2024,6,176310,Business,10,2107.0,79.4,165,2-star,224.0,371494.0,22076,7.8,3508,756673,9.1,100058.0,86347627.76,1.2,9.2,9356
Mexico,Mexico City,2022,10,84681,Cultural,14,1167.0,74,474,Unrated,478.0,98806.0,17996,14.7,3371,96002,4.8,13001.0,36909387.72,2.3,7.2,6397
United States,Miami,2023,4,57812,Medical,8,4012.0,63.8,448,1-star,295.0,231921.0,40948,12.2,1891,143330,6.3,13498.0,20489554.88,4.3,6.5,2568
Greece,Athens,2021,9,141502,Medical,13,4261.0,56.6,73,5-star,209.0,602971.0,24459,3.9,2980,187686,1.4,73868.0,66846109.16,4.5,7.7,4876
France,Nice,2024,3,99976,Cultural,10,776.0,58.1,362,2-star,488.0,77580.0,27918,4.9,3656,874834,8.9,4886.0,17640513.64,3.8,8.7,3340
Mexico,Cancun,2022,1,143526,Family Visit,10,4532.0,80.9,161,3-star,418.0,650486.0,21589,3.4,3950,188286,8.3,192683.0,57654294.29,4.5,8,8563
China,Beijing,2020,9,160138,Educational,7,3892.0,41,211,3-star,401.0,623294.0,13712,6.1,4051,848729,5.3,87528.0,76815548.44,6.7,5.6,2900
India,Jaipur,2020,1,183682,Family Visit,7,4698.0,81.4,153,Unrated,131.0,862967.0,6914,16.3,1506,115942,2.1,226631.0,43687226.98,1.3,5.3,2220
France,Nice,2022,5,71644,Leisure,5,3493.0,47.9,386,5-star,366.0,250264.0,30675,13.8,2656,347142,5.9,32033.0,20991704.04,5.6,6.9,7719
Singapore,Sentosa Island,2020,6,121569,Cultural,2,4020.0,46.2,127,Unrated,367.0,488679.0,9769,9.3,3886,528108,8.4,91191.0,59181504.55,1.5,7.5,6526
Greece,Athens,2023,6,159903,Educational,13,1307.0,80,196,1-star,228.0,208937.0,9986,17.7,4231,696238,3.8,25597.0,71726987.32,7.1,9,3377
United Arab Emirates,Abu Dhabi,2020,3,177426,Educational,13,4919.0,71.4,377,Unrated,73.0,872684.0,5112,1.4,2878,142036,4.2,179182.0,41450259.68,7.6,7,6361
Australia,Brisbane,2024,6,50887,Religious,12,1786.0,61.6,68,3-star,355.0,90880.0,31049,4.9,951,547952,6.8,19800.0,17958676.78,2.8,7.1,6041
Mexico,Cancun,2022,10,172332,Family Visit,3,1750.0,53.8,251,5-star,462.0,301640.0,30991,2.3,701,760672,1.9,56390.0,84715482.04,6,5.9,3902
Turkey,Antalya,2020,1,176155,Cultural,3,3225.0,65.8,340,3-star,171.0,568042.0,10755,11.4,4617,664553,6.4,39334.0,22941272.6,9.6,6.5,2295
Australia,Melbourne,2023,9,111842,Educational,10,3418.0,53.4,339,Unrated,367.0,382306.0,39510,11.7,4668,423216,7,74890.0,34704850.84,3.2,5,7719
China,Beijing,2023,7,124816,Educational,4,2521.0,70.6,364,Unrated,381.0,314646.0,39039,12.2,1109,134381,7.1,47838.0,13250211.52,6.2,6.3,7431
China,Shanghai,2021,5,115618,Educational,14,2296.0,82,155,4-star,383.0,265420.0,35981,19.6,3204,132289,7.7,34972.0,52724445.27,1.8,9,3776
United Arab Emirates,Dubai,2022,10,183498,Educational,11,541.0,69.5,322,2-star,296.0,99225.0,30640,5.6,2759,768316,1.8,9904.0,82755399.45,7.6,5.1,5794
China,Shanghai,2024,8,110128,Family Visit,5,1719.0,52.4,345,Unrated,210.0,189269.0,32586,5.1,1684,136346,6.4,27075.0,25683385.74,9,6.9,5383
Germany,Frankfurt,2020,10,188682,Cultural,6,4040.0,59.9,407,5-star,384.0,762362.0,15103,19.8,1190,132409,4.8,77421.0,79225214.33,4,9.3,3012
Greece,Santorini,2022,7,141829,Educational,13,658.0,79.4,307,Unrated,334.0,93258.0,9458,13.1,1241,527177,5.5,17137.0,22374241.39,8.1,7.1,162
Germany,Munich,2024,10,156133,Medical,12,3195.0,50.1,263,2-star,276.0,498814.0,41412,9.9,2635,516755,2.9,59987.0,60139933.96,1.1,7,1737
Egypt,Cairo,2021,1,81781,Medical,4,2824.0,79.3,397,4-star,349.0,230942.0,36174,14.7,1302,825107,3.6,29434.0,16354791.61,5.6,7.7,8568
Greece,Santorini,2020,6,176270,Cultural,3,4427.0,81.4,351,2-star,461.0,780323.0,49895,15.9,1700,131257,3.4,84233.0,40091480.75,9.1,5.4,2694
United Kingdom,Manchester,2022,4,106358,Family Visit,5,4365.0,73.8,125,2-star,436.0,464219.0,21322,8.9,3442,888357,3.7,76502.0,28125037.62,7.5,6.9,1747
Australia,Melbourne,2020,12,55520,Educational,12,4383.0,66.6,157,4-star,282.0,243365.0,9757,11.3,1220,644557,2.5,66369.0,10916050.18,4.2,5.5,7278
Brazil,Sao Paulo,2020,5,119166,Religious,7,1554.0,51,461,2-star,307.0,185174.0,48370,11.6,3860,610608,5.9,41499.0,45385376.68,2.5,7.5,5718
Brazil,Sao Paulo,2024,12,182992,Educational,10,2896.0,45.8,482,Unrated,273.0,529994.0,32964,7.4,3187,956071,7.2,53828.0,46982052.17,9.1,6,916
United States,San Francisco,2024,8,161718,Religious,8,582.0,79.6,74,1-star,353.0,94049.0,37130,11.7,4200,998202,7.2,10657.0,16817299.12,7.5,7.7,4004
Japan,Osaka,2023,7,171948,Leisure,13,4295.0,64.3,484,5-star,178.0,738512.0,34894,9.6,4934,230882,8.7,199871.0,49267211.98,1.7,6.9,9547
France,Paris,2020,9,73185,Leisure,14,1416.0,43.3,71,5-star,266.0,103603.0,32374,11.3,2839,168094,1.6,21972.0,9487862.14,4.4,9,2482
Mexico,Cancun,2023,2,129698,Religious,3,3782.0,70.4,488,1-star,216.0,490461.0,27010,8.0,3390,442670,7.4,25549.0,24262210.56,7,7.4,770
China,Shanghai,2021,2,198961,Educational,12,2968.0,43.3,185,3-star,242.0,590494.0,39660,10.9,2353,151158,7.1,141497.0,21060281.21,2.9,8.6,2718
South Africa,Cape Town,2024,10,136598,Educational,11,2061.0,59.5,491,1-star,459.0,281574.0,15966,12.5,2312,393615,8,74095.0,43254926.97,7.8,6.5,3616
Turkey,Istanbul,2023,12,168028,Religious,11,2238.0,69.4,362,1-star,159.0,376038.0,38722,17.4,3281,581147,7.5,88910.0,54301773.1,6.3,5.7,470
United Kingdom,Manchester,2023,6,185958,Educational,11,4083.0,53.6,343,5-star,290.0,759283.0,17226,13.1,4751,311497,3.5,162242.0,79870254.96,1.6,8.9,1330
South Africa,Johannesburg,2024,8,93395,Religious,8,4925.0,79.3,406,3-star,387.0,459959.0,21544,9.2,1268,578036,3.3,26870.0,42184122.09,3.2,7.8,3291
Thailand,Chiang Mai,2024,8,166525,Family Visit,11,1954.0,84.9,236,2-star,281.0,325327.0,37510,18.1,4699,152476,8.4,84981.0,33238971.91,6.2,5.3,2835
United States,San Francisco,2021,7,125403,Cultural,6,3867.0,80.3,414,5-star,260.0,484912.0,33302,6.8,3328,899776,9.7,132346.0,55136137.93,4.7,5.1,6744
Germany,Frankfurt,2021,12,151154,Family Visit,2,577.0,85.8,482,3-star,393.0,87242.0,35926,10.7,3926,828754,6.6,23216.0,50602520.28,6.2,10,4578
China,Beijing,2023,7,189282,Leisure,8,3683.0,59.5,325,4-star,306.0,697181.0,16094,18.6,3087,434708,6.7,116653.0,52473464.89,5.4,9.3,2317
Spain,Madrid,2024,5,102691,Family Visit,14,2768.0,87.5,238,Unrated,354.0,284251.0,44605,8.1,1598,568420,6.7,18078.0,36732846.88,9.8,5.3,1017
China,Beijing,2023,5,125602,Educational,12,4146.0,60.7,153,2-star,367.0,520766.0,14941,12.0,4688,109821,2.5,28531.0,51702937.22,6.5,8.5,4975
Greece,Santorini,2020,4,116677,Business,11,4596.0,72,139,1-star,231.0,536243.0,24404,12.1,1444,724533,6.8,37344.0,46230448.09,1.9,8,7275
Canada,Montreal,2023,3,139049,Cultural,3,3231.0,84,193,5-star,361.0,449241.0,27250,5.0,1454,510014,7.2,64628.0,58404664.26,9,5.6,2359
United Arab Emirates,Dubai,2023,9,165945,Medical,11,3214.0,70.9,256,2-star,431.0,533294.0,8805,3.4,4356,85903,9,67469.0,53227000.56,8.1,7.1,2717
France,Lyon,2024,2,82101,Cultural,14,837.0,61.9,133,1-star,488.0,68694.0,31616,19.4,4831,256903,2.4,6994.0,28918630.35,3,5.1,749
Spain,Barcelona,2024,2,196480,Family Visit,7,1861.0,88.8,331,3-star,414.0,365681.0,49254,15.8,4761,724174,9.9,43092.0,27395829.4,8.5,8.5,3473
India,Jaipur,2022,4,191407,Family Visit,4,2653.0,79,177,Unrated,115.0,507847.0,28906,1.1,3716,462736,5.1,64301.0,82104508.2,1.5,7.1,876
Egypt,Cairo,2021,3,180956,Medical,7,2963.0,89.6,450,Unrated,438.0,536095.0,14486,1.9,2026,136694,6.1,129354.0,86165399.23,1.1,7.6,944
South Africa,Johannesburg,2020,3,64031,Business,11,3018.0,74.4,493,Unrated,213.0,193252.0,37994,16.2,3459,514310,7.3,29768.0,19564050.55,9.1,9.4,2132
India,Mumbai,2020,8,116788,Cultural,9,3813.0,65.6,319,3-star,340.0,445322.0,27523,11.5,3392,248303,3.5,36923.0,51606442.61,2.5,9.3,1766
Canada,Toronto,2024,11,56901,Cultural,13,1786.0,86.4,249,1-star,301.0,101607.0,30805,5.8,3453,922834,9,13653.0,22292987.19,6.2,6.7,407
Japan,Osaka,2021,5,178126,Family Visit,5,1482.0,83.7,432,3-star,168.0,263970.0,20916,17.5,775,331075,7.8,23233.0,50468339.44,4.2,5.5,3229
Greece,Athens,2024,3,153751,Business,14,680.0,54.6,313,2-star,466.0,104592.0,6134,18.3,2020,287723,7.8,9269.0,45342114.18,4.9,8,970
Australia,Brisbane,2024,5,99649,Family Visit,7,4224.0,48.5,143,1-star,142.0,420916.0,18878,13.3,642,931864,5.2,102446.0,14883607.13,6.6,6.4,1948
France,Marseille,2023,4,81027,Leisure,14,4984.0,79.8,380,5-star,252.0,403822.0,30864,7.4,2004,856124,2,81604.0,17211747.24,2.6,6.9,3403
United States,San Francisco,2020,6,102265,Family Visit,7,3878.0,46.3,322,4-star,145.0,396631.0,46692,17.3,923,864486,9.3,56112.0,23236635.81,7.7,7.2,5931
Germany,Berlin,2024,5,158464,Medical,5,2053.0,41.5,164,4-star,182.0,325308.0,39642,13.1,2542,631904,6.9,31905.0,34586640.51,6.6,8,7511
United Kingdom,Manchester,2022,4,94757,Family Visit,6,1767.0,88.2,357,1-star,355.0,167461.0,34648,14.4,3247,559421,8.2,20017.0,14867571.9,3.8,9.2,2061
Australia,Brisbane,2023,3,62497,Business,15,2935.0,89.2,257,4-star,254.0,183398.0,25389,2.2,4732,880351,7.4,21685.0,14784922.03,5,9.6,5798
Australia,Brisbane,2022,5,116809,Educational,2,770.0,85.2,453,5-star,389.0,89993.0,49041,4.4,4747,157524,2,25683.0,48321835.61,5.2,9.3,6405
Italy,Florence,2021,6,68782,Cultural,7,3909.0,54.8,225,5-star,361.0,268841.0,47229,4.6,4470,336073,6.4,71454.0,29507330.79,2.6,7.4,2441
Japan,Osaka,2022,8,154188,Medical,8,1850.0,69.8,351,1-star,335.0,285208.0,14175,3.2,2617,347584,1.4,29798.0,16354837.25,6.2,5.5,2873
United Kingdom,Manchester,2022,9,95927,Cultural,11,4543.0,60,394,5-star,474.0,435771.0,8783,16.7,4787,936788,1.9,30031.0,23465332.7,1.8,7.9,684
Thailand,Phuket,2023,10,80266,Business,10,3825.0,41.6,79,1-star,439.0,307009.0,44019,3.0,2125,847388,6.1,38097.0,38152540.11,8.4,9.9,2604
India,Mumbai,2021,9,81417,Religious,8,2064.0,42.5,101,4-star,62.0,168031.0,26031,19.8,2932,791184,2.2,37335.0,37378335.18,7.7,5.4,2128
Greece,Athens,2020,3,97111,Business,4,733.0,67.9,190,5-star,88.0,71186.0,18136,7.8,3321,111602,3,10340.0,41113135.88,8.4,6.9,2562
Turkey,Antalya,2024,9,59460,Family Visit,5,575.0,74,107,4-star,358.0,34213.0,12384,12.4,3576,198441,4.7,3090.0,21558046.01,9.7,7.8,4721
Singapore,Singapore City,2023,4,108829,Family Visit,3,2380.0,45.8,68,4-star,398.0,258959.0,20086,13.6,2966,797410,3.1,57058.0,51810578.61,1.4,6.6,6624
Thailand,Bangkok,2022,9,176278,Cultural,5,976.0,57.7,190,1-star,289.0,172123.0,14343,13.5,4407,804471,2.4,44206.0,20583292.23,4.8,5.8,2384
Canada,Vancouver,2021,1,186385,Family Visit,9,1541.0,65.1,220,Unrated,168.0,287258.0,8558,5.2,4347,761238,9.4,80175.0,66011181.96,6.7,7,9773
United Kingdom,Manchester,2024,8,77877,Medical,9,3548.0,61.4,109,2-star,250.0,276344.0,45317,3.8,952,60589,5.9,72172.0,21223093.19,4.4,9.6,8579
South Africa,Cape Town,2020,5,100599,Business,9,1735.0,85.1,55,Unrated,196.0,174512.0,41730,11.6,3677,184794,7.4,39121.0,23111445.56,3.1,6.1,825
Germany,Frankfurt,2024,6,93461,Educational,8,1096.0,59.1,296,4-star,170.0,102416.0,32386,15.8,2623,402854,5.1,16156.0,20729370.64,2.8,5.3,224
India,Mumbai,2023,11,135166,Educational,8,2736.0,85.8,330,Unrated,122.0,369818.0,36980,11.7,3596,444825,9.1,26269.0,34770313.11,1.9,5.1,9649
South Africa,Johannesburg,2022,1,127154,Educational,10,1234.0,51.7,60,5-star,424.0,156856.0,45149,19.5,4292,178447,3.5,18733.0,14542866.55,9.3,6.1,9075
Canada,Montreal,2020,7,100705,Educational,13,3790.0,87.3,490,5-star,404.0,381693.0,30006,5.7,2845,983963,4.3,73115.0,10322563.45,1.6,7.7,4786
Germany,Frankfurt,2021,2,82766,Medical,12,1094.0,65.7,112,Unrated,73.0,90533.0,23443,8.8,4126,489358,3,9644.0,35334636.59,9.4,5.5,2943
Brazil,Rio de Janeiro,2022,10,144837,Educational,6,4418.0,44.2,449,Unrated,199.0,639904.0,6094,2.0,3695,280780,5,85491.0,37343168.17,5.8,5.8,4813
Greece,Santorini,2024,12,184164,Medical,13,3921.0,47.7,197,1-star,380.0,722055.0,9926,7.9,3465,381999,7.1,46334.0,20970585.56,4.5,8.5,9121
United Arab Emirates,Abu Dhabi,2021,3,133829,Leisure,5,4487.0,84.8,469,4-star,105.0,600543.0,36730,8.8,3906,638216,2.3,111939.0,19035384.4,1.4,8.3,3848
Singapore,Sentosa Island,2023,7,76553,Religious,3,4954.0,41.5,186,4-star,120.0,379236.0,15374,3.2,989,552237,4.2,91176.0,23182772.32,6.7,9.9,387
South Africa,Cape Town,2022,1,72337,Family Visit,8,2509.0,70.9,322,2-star,275.0,181493.0,45975,4.8,744,820974,7.2,46429.0,23326966.45,8,5.1,8597
United Arab Emirates,Dubai,2024,8,61984,Business,14,4964.0,54.7,230,2-star,394.0,307678.0,26889,12.4,1631,978274,2.1,90700.0,22905292.11,8.6,6.6,2637
Egypt,Cairo,2023,9,65216,Cultural,14,3946.0,40.3,231,1-star,243.0,257357.0,41635,15.6,943,869497,3.1,53101.0,26010182.51,3,5.3,1360
Mexico,Puerto Vallarta,2024,10,136483,Religious,11,1010.0,89.8,209,5-star,265.0,137913.0,10543,3.4,2381,95256,6.6,34711.0,59616629.41,5.3,8.9,1509
France,Nice,2020,9,76270,Educational,13,2290.0,80.3,150,2-star,310.0,174695.0,7172,1.5,3464,299737,5.9,45413.0,11516333.13,8.2,9.3,6235
United Arab Emirates,Abu Dhabi,2024,6,186645,Leisure,11,1820.0,66.3,385,Unrated,497.0,339711.0,7776,6.8,3488,865267,6.5,66345.0,37600423.3,7.8,5.4,5160
Brazil,Rio de Janeiro,2020,2,180499,Family Visit,6,1075.0,62.1,255,4-star,378.0,194035.0,12148,16.9,2864,915990,2.1,49160.0,84780688.92,5.1,7.5,8040
Brazil,Rio de Janeiro,2020,6,73382,Family Visit,12,4009.0,45.9,402,2-star,56.0,294202.0,18666,7.8,4678,153533,1.1,54449.0,32321857.31,9.6,7.8,425
Canada,Vancouver,2020,12,59726,Educational,9,2210.0,70.4,268,1-star,158.0,131989.0,47230,10.1,4578,100519,4.6,9492.0,7544869.29,9,7.3,4066
India,Mumbai,2023,5,139524,Religious,6,2312.0,73.6,375,3-star,317.0,322603.0,7994,7.9,3256,579882,2.1,62314.0,28281151.83,8.2,7.1,8054
India,Delhi,2023,6,155573,Business,3,4012.0,73.7,490,1-star,178.0,624092.0,48059,10.3,4425,563066,2.8,50793.0,75513886.35,2,7.4,398
Germany,Munich,2022,5,106396,Cultural,9,887.0,42.9,88,3-star,489.0,94388.0,17254,2.3,2302,388585,3.7,26725.0,32906710.48,3.4,7,2007
Spain,Madrid,2024,6,185909,Family Visit,11,1193.0,88.9,377,2-star,312.0,221723.0,23350,7.9,4862,138422,5.2,21614.0,70774684.3,6,6.8,1752
Egypt,Cairo,2022,8,168580,Leisure,6,756.0,78.3,167,Unrated,186.0,127441.0,48123,13.8,1598,695424,7.1,16161.0,41809493.71,6,9,3669
Canada,Vancouver,2023,7,90475,Family Visit,10,2055.0,80.8,78,2-star,203.0,185954.0,32405,4.1,1297,201899,10,30298.0,21885126.47,4.6,5.6,1046
Mexico,Mexico City,2023,9,64693,Cultural,7,3469.0,62.1,293,Unrated,229.0,224395.0,16350,8.9,4090,409701,2.2,22307.0,11140606.3,3.4,7.6,6206
Spain,Madrid,2023,7,95875,Business,6,1231.0,73.8,53,2-star,380.0,118062.0,13693,2.1,2618,113965,4.3,8813.0,14054425.53,3.3,6.5,9047
Italy,Venice,2020,4,98785,Educational,4,4454.0,67.9,300,4-star,245.0,440034.0,35979,12.7,4122,545919,3.9,73696.0,29733924.51,2.8,6.6,5285
India,Mumbai,2021,1,166843,Family Visit,14,2119.0,55.3,304,Unrated,473.0,353552.0,13448,7.1,2381,55209,2.6,81500.0,19372842.72,4.6,7.6,8033
Italy,Venice,2022,6,153780,Religious,2,4528.0,47.5,61,1-star,478.0,696284.0,13346,7.5,1769,885988,1.1,74274.0,50248709.68,4.2,8.1,5706
South Africa,Johannesburg,2023,10,185028,Leisure,4,1072.0,49.5,259,Unrated,222.0,198337.0,43308,18.2,1390,521761,3.4,34885.0,23543630.65,3,9.7,9741
Australia,Melbourne,2022,9,105798,Business,10,2364.0,87.9,447,5-star,124.0,250067.0,46183,5.2,2154,324864,6.1,24059.0,13101478.29,6.4,8.8,8771
Australia,Melbourne,2024,3,127242,Leisure,5,3499.0,44,462,2-star,56.0,445264.0,10506,4.5,2895,140140,4.5,27957.0,32970613.2,5.6,7.4,9195
United States,Los Angeles,2024,11,93129,Religious,4,2776.0,43.1,94,4-star,299.0,258493.0,16279,11.8,4067,830296,6,74949.0,11126861.01,1.9,5.2,3596
United Arab Emirates,Abu Dhabi,2022,11,94439,Religious,9,2530.0,56.5,257,4-star,429.0,238966.0,41824,18.8,4036,469515,2.1,42928.0,18730934.65,4.2,9.9,9742
Germany,Frankfurt,2021,10,102413,Medical,7,2996.0,43.8,493,5-star,126.0,306859.0,23610,7.3,4706,498648,4.7,17184.0,23979864.92,2.6,5.5,8614
South Africa,Johannesburg,2021,10,175849,Business,10,3779.0,55.8,143,3-star,271.0,664525.0,45644,2.8,1641,468641,8.2,145788.0,56055658.37,5.3,9.6,594
Singapore,Singapore City,2023,1,145345,Educational,10,3414.0,82.2,358,3-star,359.0,496144.0,34709,16.8,1951,584231,4.6,75621.0,71406293.23,2.6,9,6319
Thailand,Bangkok,2021,3,78379,Cultural,8,3103.0,81.6,428,4-star,81.0,243180.0,10296,19.2,626,252210,5.1,53242.0,27232322.34,6.1,5.3,6783
Thailand,Bangkok,2020,9,70923,Family Visit,15,550.0,76.5,263,Unrated,446.0,38997.0,33756,19.8,2612,604629,4.2,8474.0,20817391.01,4.8,6.8,590
China,Shanghai,2021,10,53729,Medical,10,1227.0,63.6,456,Unrated,192.0,65902.0,40755,5.0,1181,595926,8,12585.0,10985698.53,7.3,7.8,8066
Japan,Osaka,2024,5,118116,Medical,12,3245.0,64.4,392,1-star,193.0,383344.0,17021,9.0,3972,779115,5.6,46786.0,12117017.63,5.5,6.4,2697
Germany,Berlin,2023,11,50901,Leisure,2,3132.0,87.1,422,1-star,262.0,159408.0,33311,1.6,1764,371395,4.7,28748.0,23344718.68,2.8,5.1,4703
Turkey,Antalya,2020,2,177466,Educational,10,1922.0,71.3,456,1-star,243.0,341152.0,12349,18.3,2164,171897,2.6,39983.0,31847663.39,3.2,6.5,8336
Brazil,Sao Paulo,2024,7,64175,Cultural,13,1298.0,76.2,59,5-star,283.0,83297.0,28283,12.0,3147,764483,4.2,16760.0,16363374.77,8.8,6.5,6397
South Africa,Cape Town,2021,6,108755,Medical,6,1998.0,67.9,118,2-star,256.0,217239.0,5787,16.3,1122,528977,8.3,11891.0,42889402.82,2.9,5.7,166
Japan,Osaka,2020,12,164159,Medical,6,757.0,46.9,316,1-star,149.0,124273.0,16772,1.5,1687,300231,4.7,17292.0,76283103.29,1.4,7.6,671
Singapore,Singapore City,2022,12,198246,Business,10,4117.0,44.2,206,1-star,187.0,816159.0,5178,17.8,1234,72616,2.4,107847.0,24143670.41,2.6,9.8,831
Greece,Athens,2024,11,182201,Family Visit,11,2151.0,47.4,124,Unrated,340.0,391974.0,30791,13.1,2350,559394,5.7,109901.0,77404641.12,8.4,9,1615
United Arab Emirates,Abu Dhabi,2021,1,147206,Educational,12,1144.0,72.9,149,1-star,220.0,168438.0,36186,16.0,1667,435134,3.4,42631.0,19572861.4,6.4,7.4,9588
Greece,Athens,2023,8,60785,Medical,6,4603.0,44.9,183,1-star,357.0,279804.0,6462,10.5,2878,360809,3.2,35399.0,7626931.44,2.6,5,7190
Egypt,Luxor,2020,6,165375,Medical,6,3480.0,77.6,377,2-star,442.0,575573.0,37479,15.9,2144,938704,6.4,40573.0,59325782.69,6.6,8.2,6480
Australia,Brisbane,2023,12,100906,Family Visit,5,897.0,49.7,172,4-star,426.0,90480.0,27388,13.1,3122,776499,6.2,11488.0,29351540.49,8.1,9.9,6246
Mexico,Mexico City,2020,3,170494,Family Visit,3,4275.0,73.6,302,2-star,465.0,728835.0,35480,6.8,4199,228838,6.5,92252.0,39289172.88,1.6,6.7,4757
South Africa,Cape Town,2022,7,171635,Business,5,3628.0,71.5,410,Unrated,110.0,622750.0,26991,8.5,2451,534607,1.1,115872.0,84154619.01,4.3,6.8,9180
Egypt,Cairo,2020,11,164012,Business,9,2483.0,84,464,5-star,105.0,407240.0,26029,2.2,4139,192429,4.7,63345.0,67905161.53,2.8,9.1,2781
Singapore,Singapore City,2023,1,151503,Medical,7,2561.0,52.8,179,5-star,469.0,388019.0,11054,7.1,3140,603958,8.6,44584.0,15249913.65,4.4,7.9,6952
Spain,Seville,2023,10,116985,Business,5,501.0,85.8,369,5-star,177.0,58612.0,40489,4.2,1945,879690,1.6,13540.0,55161139.71,4.9,5.6,3253
Japan,Tokyo,2020,3,73834,Educational,7,3296.0,75.9,154,4-star,387.0,243356.0,45635,19.9,3421,447783,1.4,36005.0,31081213.34,4.1,7.2,394
Canada,Toronto,2022,7,87052,Educational,9,4377.0,83.3,335,1-star,400.0,380984.0,46785,1.7,2618,384071,3.9,72618.0,18435709.16,8,9.4,8343
Germany,Munich,2024,8,81601,Family Visit,3,3679.0,57.3,300,Unrated,197.0,300183.0,12465,5.5,3238,946197,4,77111.0,8179616.96,3.8,6.2,4731
South Africa,Johannesburg,2020,10,94462,Educational,4,2427.0,43.1,365,4-star,238.0,229231.0,27813,9.3,3783,68557,5.4,30382.0,13481643.24,9.6,5.3,3930
Italy,Rome,2022,1,91081,Business,6,1942.0,48.2,159,1-star,462.0,176862.0,33610,13.1,2005,74354,7.8,10733.0,40609460.44,2.1,5.9,9188
Turkey,Antalya,2021,8,105514,Educational,12,1126.0,62,103,5-star,56.0,118757.0,7895,3.2,4183,154127,9.2,30272.0,48038048.83,2.8,6.4,6066
Australia,Sydney,2024,5,59196,Cultural,7,2951.0,48,196,3-star,365.0,174658.0,29700,9.5,3199,281237,6.9,26688.0,21626963.43,2.1,7,8181
China,Shanghai,2023,6,64380,Educational,4,4779.0,50.5,384,3-star,479.0,307651.0,11937,15.0,1047,650684,8.7,24291.0,24617785,5.5,9.1,5043
India,Delhi,2022,8,58997,Cultural,7,3989.0,57.1,128,2-star,333.0,235313.0,40228,3.8,3228,766438,7.7,60354.0,22337713.22,9.3,9.1,3744
Egypt,Cairo,2023,12,133123,Business,10,2102.0,47.4,275,1-star,360.0,279799.0,12099,3.5,2621,967106,3.1,34968.0,47540623.27,6.4,8.5,766
United Kingdom,Manchester,2024,11,132203,Cultural,5,2611.0,80,179,Unrated,220.0,345140.0,27641,17.8,4172,188454,4.7,23493.0,43668547.37,8.7,8.6,2323
Brazil,Sao Paulo,2022,1,136442,Religious,3,1410.0,67.3,415,Unrated,184.0,192338.0,36376,5.4,3701,284847,5.4,15543.0,30436340.13,9.3,5.8,2515
Australia,Sydney,2021,7,141229,Religious,5,3837.0,67.3,232,1-star,177.0,541903.0,30161,11.2,2821,522617,2.5,151257.0,32643004.39,4.3,8.8,9026
Japan,Osaka,2020,8,104675,Medical,10,3105.0,42.7,254,2-star,166.0,325051.0,45718,5.1,2794,87394,1.8,55859.0,39417090.33,3.4,8.1,5699
Australia,Sydney,2024,3,199172,Leisure,5,4627.0,67.7,466,5-star,244.0,921666.0,32454,14.8,1165,987314,9.9,228408.0,67828747.25,4.1,7.7,1312
France,Lyon,2022,10,106117,Cultural,7,731.0,60.1,193,3-star,253.0,77539.0,8228,9.8,3705,349155,2.7,18403.0,33774747.65,2.8,6.5,4733
United Arab Emirates,Dubai,2021,4,102344,Religious,8,1472.0,88.4,302,1-star,228.0,150665.0,39305,9.1,3857,514432,9.1,27310.0,39188701.18,3.3,7.2,7167
Singapore,Sentosa Island,2021,9,169779,Educational,3,599.0,57.9,254,Unrated,348.0,101764.0,20613,3.6,1799,432650,9.4,17614.0,64574811.01,8.7,7.1,2821
United Kingdom,London,2021,2,127355,Family Visit,10,808.0,84.9,327,5-star,99.0,102900.0,25659,16.5,3622,418615,5.3,27128.0,30056003.43,8.8,5.4,915
South Africa,Cape Town,2020,7,110038,Family Visit,13,1318.0,61.5,427,4-star,383.0,145050.0,31292,11.2,3842,764114,2.8,14931.0,12830313.08,3.9,7.8,8107
Brazil,Sao Paulo,2021,12,84409,Family Visit,11,2459.0,87.7,63,3-star,363.0,207585.0,5363,2.8,1045,446456,8.4,15641.0,35178001.9,8.3,7.4,9162
Egypt,Luxor,2024,5,175865,Medical,4,2209.0,70.9,181,Unrated,312.0,388454.0,37786,18.5,829,755377,2.7,51313.0,51859915.84,1.2,6.2,2667
Spain,Seville,2020,12,197193,Business,6,2837.0,49.9,261,5-star,166.0,559419.0,28331,2.6,2800,498013,8.7,132855.0,83224662.9,2.2,5.3,7098
Spain,Barcelona,2021,6,63440,Leisure,11,4264.0,83.1,135,4-star,201.0,270500.0,20734,1.8,2180,844865,1.6,35477.0,23415855.91,4,5.9,6300
Germany,Berlin,2020,5,98570,Leisure,12,3876.0,62.8,353,3-star,101.0,382027.0,22400,15.6,4365,861032,2.1,22584.0,11936588.55,8.5,5.6,2723
Canada,Toronto,2023,4,189718,Family Visit,8,4298.0,53.1,466,4-star,227.0,815402.0,25914,12.0,4997,699837,4.2,166591.0,86117397.64,3.1,7,8468
Germany,Berlin,2020,6,164826,Cultural,13,3041.0,65.8,62,1-star,365.0,501216.0,21195,17.1,1453,944230,3.4,46332.0,22788229.35,4.8,5.6,4252
Germany,Berlin,2023,1,146367,Medical,10,2959.0,52.5,334,4-star,149.0,433075.0,7663,11.6,1773,315470,1.9,23389.0,71057384.01,4.4,8,5192
Australia,Brisbane,2022,1,95337,Religious,13,2056.0,41.8,303,Unrated,395.0,196047.0,48790,17.7,3901,970396,3.4,25301.0,41756494.51,5.3,8.3,8546
France,Paris,2022,5,152127,Religious,4,2179.0,50.5,157,2-star,327.0,331409.0,25900,19.9,1508,201770,8.6,33638.0,73148482.08,4.1,9.9,4811
France,Marseille,2021,8,106116,Medical,6,540.0,59.1,305,3-star,448.0,57250.0,31331,10.6,4408,667397,6.7,11753.0,15736860.01,9.8,5.9,2765
Canada,Toronto,2021,6,133308,Medical,11,2135.0,86.9,373,5-star,333.0,284655.0,33742,14.3,1723,397236,9.4,28807.0,55882608.83,7.6,5.3,3766
Australia,Brisbane,2021,5,87045,Medical,6,1870.0,89.1,451,5-star,71.0,162792.0,34475,19.6,3519,53681,8.2,25824.0,38979923.39,2.6,9.7,8517
United Kingdom,London,2023,7,168888,Leisure,10,2702.0,46.7,483,Unrated,384.0,456254.0,41175,2.1,3640,829105,5.3,41978.0,40857201.86,4.6,5.3,8198
Canada,Montreal,2022,8,78333,Leisure,14,1183.0,69.9,343,5-star,408.0,92655.0,13624,6.4,1335,330790,1.1,20656.0,28555282.43,1.3,6.8,5387
United States,New York,2023,6,141186,Medical,9,4356.0,63.3,129,2-star,291.0,614972.0,10580,17.4,3991,443922,7.3,43544.0,62853726.95,5.3,5.3,1434
Thailand,Phuket,2020,11,137508,Educational,7,4450.0,50.2,392,Unrated,121.0,611893.0,49115,2.0,664,417508,3.6,102401.0,60935723.24,3.7,6,4257
Mexico,Mexico City,2023,6,77043,Business,6,4010.0,63.6,56,Unrated,54.0,308959.0,19017,7.5,3539,578425,4,19502.0,21579321.69,3.3,6.8,2838
Mexico,Puerto Vallarta,2024,4,73956,Medical,3,3742.0,54.1,134,3-star,395.0,276748.0,25528,1.4,4664,741257,2.2,46198.0,25319481.95,4.9,5.1,3655
South Africa,Cape Town,2020,1,115184,Religious,4,3243.0,68.4,92,4-star,291.0,373516.0,43265,5.8,761,797320,9,50034.0,39856877.82,9.3,9.8,9274
United States,Las Vegas,2023,5,184515,Cultural,8,1754.0,87.9,169,Unrated,263.0,323661.0,19254,6.4,4614,837839,7.4,63731.0,79016097.6,4.5,7.2,9468
United Kingdom,Manchester,2022,12,169020,Medical,9,1665.0,55.8,158,1-star,441.0,281346.0,29502,14.5,872,278300,4.1,69927.0,59171611.78,9.4,8.4,8994
United Kingdom,Manchester,2024,1,168313,Medical,15,2919.0,40.7,480,4-star,290.0,491294.0,36331,15.2,1257,626250,3.1,132971.0,23360414.58,1.5,5.6,7937
France,Marseille,2021,9,175212,Family Visit,5,2947.0,74.7,195,2-star,91.0,516357.0,22106,12.6,1028,218733,7.9,47823.0,44469913.9,4.1,7.2,1019
Singapore,Singapore City,2024,3,170507,Leisure,12,3094.0,57.1,125,1-star,367.0,527583.0,24156,5.3,2045,509822,2.3,50834.0,29467915.17,5.6,9.2,7294
Turkey,Antalya,2022,9,171361,Educational,11,4426.0,52.2,121,3-star,312.0,758502.0,26665,8.1,1925,328011,5.1,112728.0,76568219.97,3.2,9.8,2694
Singapore,Sentosa Island,2024,8,101588,Medical,9,3606.0,81.9,497,4-star,250.0,366281.0,23625,11.0,1673,782318,3.5,85753.0,12257907.04,1.4,6.9,9450
Spain,Madrid,2020,2,137736,Educational,3,4768.0,75.6,347,2-star,189.0,656772.0,26387,10.8,2564,677907,4.6,33283.0,60600892.23,4.4,7.5,809
Singapore,Singapore City,2020,2,164161,Family Visit,10,3828.0,50.5,93,5-star,359.0,628428.0,25805,17.0,2761,664229,9.6,42838.0,29489449.96,4.1,8.1,5595
Thailand,Chiang Mai,2021,9,78481,Medical,4,1804.0,51.9,183,Unrated,392.0,141562.0,31569,1.1,3270,734308,4.5,41636.0,37817368.14,8.2,6.2,9483
India,Mumbai,2024,1,91269,Religious,7,1705.0,61.6,373,Unrated,386.0,155620.0,38932,7.8,2267,541874,6.7,46411.0,37519499,3,5.9,2681
Spain,Barcelona,2020,10,125118,Medical,4,4380.0,80.8,445,Unrated,377.0,548011.0,19419,17.2,1536,322168,1.9,105353.0,39110848.13,5.1,7,4057
Germany,Munich,2022,6,184479,Leisure,9,509.0,53,267,4-star,311.0,93963.0,40654,4.3,2429,611001,7.4,15143.0,20446260.18,5,6.5,1193
Mexico,Cancun,2022,7,53880,Religious,4,3436.0,42.6,458,4-star,299.0,185139.0,48333,14.4,1593,231413,8.3,44793.0,7844192.8,6.8,9.2,8340
Turkey,Antalya,2021,9,96705,Family Visit,9,655.0,71.9,422,1-star,440.0,63313.0,49786,6.6,3197,997790,2.2,14113.0,40423136.27,2.5,5.5,262
Germany,Munich,2024,5,123313,Medical,13,2877.0,63.4,364,2-star,460.0,354753.0,18403,17.5,3207,385639,6.8,45740.0,42987835.37,3,7.2,9874
Italy,Florence,2021,7,155185,Religious,15,2543.0,65.3,196,4-star,381.0,394584.0,33853,13.1,2726,538195,5.2,97570.0,52942472.79,6.9,10,5422
Egypt,Cairo,2022,1,109412,Medical,7,2065.0,41.1,213,2-star,420.0,225938.0,42201,17.7,946,806322,5.9,25706.0,44547155.48,7.8,7.9,1174
China,Beijing,2020,6,193233,Business,13,3657.0,63,118,Unrated,436.0,706605.0,6211,15.9,3685,606107,4.6,199877.0,45466253.8,9.2,9.9,9297
Brazil,Sao Paulo,2023,7,121356,Cultural,12,3648.0,55.3,75,2-star,192.0,442695.0,35461,13.7,1780,905695,6.4,118387.0,55378730.48,5,7.3,248
Germany,Munich,2020,9,172689,Leisure,11,4196.0,52.2,407,4-star,427.0,724546.0,9551,5.6,3770,523919,4,82283.0,60859015.47,1.2,8.6,2411
United States,San Francisco,2023,10,99756,Religious,9,911.0,77.8,334,1-star,377.0,90887.0,17067,4.6,3433,157044,1.5,17900.0,43507509.12,1.2,5.2,4873
Italy,Rome,2020,3,193518,Leisure,13,1970.0,57.5,140,Unrated,173.0,381294.0,22948,15.0,3791,241303,7.7,83430.0,35288548.24,4.2,5.6,3985
Turkey,Antalya,2023,3,167569,Religious,11,4364.0,88.1,379,1-star,281.0,731221.0,42528,3.0,566,932693,6.2,149587.0,69136428.3,7.3,9.2,2351
Brazil,Sao Paulo,2023,11,149108,Medical,9,4776.0,55,498,3-star,191.0,712196.0,43784,1.6,4049,914360,2.5,162420.0,25401459.35,3.1,7.5,8189
China,Shanghai,2024,5,109902,Leisure,14,4892.0,51.1,65,4-star,389.0,537683.0,35962,5.4,1794,392776,4.2,138816.0,32680753.28,9.2,9.6,2541
Turkey,Istanbul,2021,11,67482,Religious,6,1827.0,57.7,264,Unrated,425.0,123268.0,33930,5.9,2596,323945,2.8,35356.0,12298499.69,6.5,6.1,8967
Canada,Toronto,2021,2,55147,Leisure,9,2611.0,43.6,335,4-star,92.0,143976.0,39808,11.9,2115,445065,5.6,11058.0,14856204.95,5.1,8.7,5895
South Africa,Cape Town,2024,12,158835,Family Visit,5,1242.0,46.2,451,3-star,292.0,197305.0,6044,5.1,2082,857733,2.5,31124.0,48318894.28,2.3,7.1,6804
Brazil,Rio de Janeiro,2021,9,105809,Educational,11,3534.0,89,148,3-star,152.0,373963.0,11073,5.6,2503,575825,2,91686.0,49103676.68,4.4,8.2,5610
United States,Miami,2020,6,139846,Family Visit,3,3080.0,44.9,81,Unrated,473.0,430787.0,35544,19.1,861,594392,6.6,72596.0,62969024.94,3.4,5,7381
China,Guangzhou,2022,11,98270,Leisure,6,4061.0,74,309,2-star,332.0,399087.0,43328,2.8,3802,771615,9.4,117711.0,43968074.67,2.6,5.2,9847
Japan,Kyoto,2021,8,152511,Cultural,15,1451.0,53.3,402,3-star,484.0,221361.0,42383,10.6,2424,65733,9.9,30122.0,19018877.32,7.6,7.6,2261
France,Lyon,2021,10,136489,Educational,7,898.0,57.1,111,2-star,239.0,122538.0,26059,8.9,1664,458294,9.9,31273.0,29016322.21,1.6,5.3,6819
Italy,Florence,2021,7,131899,Leisure,12,1597.0,55.3,118,Unrated,251.0,210602.0,5767,19.7,3954,617256,7.8,36857.0,19933201.78,6.2,6.5,9830
Egypt,Luxor,2021,2,121805,Religious,13,2051.0,59.5,354,1-star,449.0,249878.0,39800,14.6,3070,633526,9.2,22140.0,42718013.25,1.3,8.2,7966
Australia,Brisbane,2021,6,183085,Educational,5,3812.0,56,313,5-star,447.0,697949.0,40694,19.2,4876,190562,4.7,167920.0,28845126.36,1.1,5.1,2173
Australia,Brisbane,2022,3,99853,Educational,9,1398.0,77.5,237,5-star,373.0,139627.0,29530,17.7,866,386399,8.3,27522.0,18403431.11,3.1,8.1,7956
Greece,Athens,2020,2,80988,Cultural,2,2936.0,42.6,67,5-star,142.0,237746.0,13989,18.3,4288,220534,5.6,38129.0,12331966,3.6,9.3,777
Italy,Rome,2022,8,115641,Leisure,11,3138.0,64.6,379,2-star,87.0,362888.0,24641,18.4,2061,463606,9.4,75942.0,53133232.67,5.1,5.7,700
Spain,Seville,2021,10,175580,Leisure,8,1317.0,55.1,58,3-star,124.0,231299.0,30473,17.2,725,980866,9.4,18806.0,44390408.28,1.3,9.3,8995
Egypt,Luxor,2022,5,120246,Educational,6,4830.0,88.2,170,Unrated,373.0,580783.0,25608,13.8,2576,630305,1.9,102967.0,13211185.34,4.7,6.1,9721
Italy,Florence,2020,1,83123,Cultural,15,4102.0,82.3,192,5-star,235.0,341005.0,7024,1.4,2365,570112,9.7,46170.0,19567382.94,1.1,8.4,2006
Japan,Kyoto,2024,9,57961,Medical,15,3426.0,77.1,353,4-star,70.0,198546.0,20682,13.0,4485,362712,6.6,16580.0,8479927.22,8.6,5.7,3171
China,Guangzhou,2024,5,66939,Educational,8,4539.0,85.4,217,3-star,204.0,303829.0,18186,16.7,3819,199805,8.2,79765.0,14436073.7,9.6,5.2,5157
Canada,Montreal,2023,8,152302,Medical,10,3403.0,40.8,269,5-star,291.0,518311.0,29074,3.7,4571,943544,1.1,32331.0,51743604.62,4.1,9.8,440
Singapore,Sentosa Island,2020,3,175788,Religious,11,4182.0,73.4,74,4-star,276.0,735086.0,14241,10.2,3284,688464,2.6,197075.0,60690190.97,2.4,9.8,6575
China,Shanghai,2024,3,143789,Religious,3,3321.0,52.7,224,Unrated,104.0,477487.0,21251,19.6,1938,577831,7.6,127304.0,44337751.02,7,9.1,7127
Thailand,Phuket,2023,12,115867,Cultural,6,503.0,88.2,305,3-star,91.0,58260.0,5727,2.5,3743,415543,7.5,4387.0,40467145.48,4.2,8.9,9095
Australia,Melbourne,2024,6,144192,Family Visit,10,1561.0,75.7,329,Unrated,411.0,225022.0,25625,17.5,3661,374036,2.1,35303.0,23697106.98,7.3,8.8,8724
Germany,Frankfurt,2023,5,98928,Cultural,13,4713.0,65.7,235,5-star,291.0,466221.0,48795,12.1,3013,385510,4,29772.0,31822670.38,6.3,9.7,9846
Thailand,Bangkok,2021,5,144533,Cultural,12,2689.0,56.7,245,2-star,490.0,388674.0,25823,19.0,1358,514271,2.5,64197.0,32207025.12,1.3,6.6,1547
India,Delhi,2024,1,183922,Cultural,8,4845.0,58.9,322,2-star,133.0,891071.0,20493,9.7,2951,279016,2.9,202562.0,19948167.12,4.8,8.9,7834
Germany,Frankfurt,2020,6,120400,Family Visit,14,4627.0,69.2,286,2-star,434.0,557073.0,36225,17.6,1266,167369,4.9,54173.0,25611360.4,3.4,7.6,3613
Canada,Montreal,2024,10,194407,Business,14,4894.0,58.8,337,5-star,66.0,951467.0,32684,14.3,3055,924722,9.9,110619.0,71701928.69,1.5,5.6,3014
Brazil,Rio de Janeiro,2023,2,161850,Business,15,4110.0,79.3,149,Unrated,377.0,665241.0,21779,12.2,1438,175604,7.8,123013.0,21201289.98,1.2,5.5,8505
South Africa,Johannesburg,2021,9,163457,Leisure,4,4323.0,66.6,461,4-star,213.0,706558.0,13314,15.1,1662,913460,7.8,52153.0,18141802.29,4.6,10,9226
Thailand,Bangkok,2021,8,178411,Business,11,1413.0,77.3,64,5-star,111.0,252082.0,22493,10.4,871,695099,1.1,58604.0,81265961.92,1.6,7.3,4566
Canada,Vancouver,2023,12,127924,Cultural,10,1862.0,63,290,4-star,75.0,238169.0,45030,10.7,3265,355218,8.9,45947.0,29763199.22,7.5,7.5,5699
Australia,Brisbane,2022,4,199725,Family Visit,15,599.0,80.1,375,3-star,184.0,119619.0,32909,5.9,3403,762932,1.9,11932.0,99850456.14,1,8.2,3195
Spain,Barcelona,2024,1,197776,Religious,14,921.0,87.8,429,5-star,51.0,182221.0,47964,18.5,2663,490924,9.3,31146.0,44741161.58,8.1,8.4,2265
China,Shanghai,2023,10,167996,Cultural,11,1596.0,86.6,354,5-star,171.0,268101.0,36047,8.0,1805,235784,8,37642.0,44110275.69,8.3,6.9,9777
India,Delhi,2024,7,196161,Medical,14,817.0,57.7,458,5-star,310.0,160228.0,38988,11.5,4306,227129,9.7,14387.0,47404596.56,4.8,7,9210
Italy,Florence,2024,3,52413,Leisure,5,3781.0,65,164,1-star,323.0,198197.0,42679,4.6,1292,654019,1.8,37501.0,23939598.55,3.6,6.6,5293
Australia,Sydney,2020,7,51214,Business,7,668.0,85.9,172,3-star,426.0,34185.0,42792,17.8,2886,989805,5.7,3338.0,14586553.16,9.1,5.3,3945
United Kingdom,Manchester,2024,10,160186,Family Visit,6,4548.0,87,307,2-star,468.0,728495.0,21608,16.9,735,652294,8,149694.0,54898490.72,8.6,7.7,848
Thailand,Chiang Mai,2022,10,193250,Religious,9,781.0,59.2,89,4-star,114.0,150928.0,18072,9.2,4732,941255,7.7,43936.0,74816395.88,9.9,8.5,7590
India,Mumbai,2023,6,169547,Leisure,11,3660.0,58.6,327,4-star,402.0,620493.0,13998,10.2,1825,217973,6.1,109193.0,17871179,4.3,8,2018
South Africa,Johannesburg,2020,12,105568,Leisure,14,2677.0,76.4,270,2-star,175.0,282639.0,15683,4.7,904,526857,6.8,16202.0,36657557.55,5.6,7.7,6482
Australia,Brisbane,2022,1,108759,Medical,5,4778.0,60.4,61,4-star,442.0,519689.0,35936,14.6,4759,741750,4.8,38249.0,16344559.47,4.7,8.8,7520
United Kingdom,London,2022,8,157293,Educational,11,973.0,73.6,407,2-star,421.0,153123.0,37563,2.4,521,346412,9.8,30481.0,60383970.11,1.1,7.6,5214
Egypt,Cairo,2021,2,120198,Family Visit,12,2511.0,62.4,282,Unrated,464.0,301761.0,35028,13.8,844,691687,9.2,55946.0,42281988.49,3.3,9,1778
Italy,Venice,2023,8,156718,Business,9,770.0,85.8,406,1-star,202.0,120750.0,33615,12.5,1164,526492,7.5,23590.0,75084821.34,1.5,5.5,767
Italy,Florence,2023,6,88744,Cultural,10,4514.0,76.6,116,5-star,496.0,400613.0,47662,6.3,1097,82125,6.8,92869.0,31371149.09,2.3,7.2,5601
Italy,Venice,2020,2,56895,Religious,8,4634.0,62,113,1-star,447.0,263672.0,24932,12.1,1731,786786,5.7,14739.0,15105233.28,3.7,8.7,3983
Singapore,Singapore City,2023,7,135435,Educational,13,2282.0,50,475,5-star,449.0,309097.0,32750,15.5,723,611669,9.9,51409.0,16698476.25,3.4,7.2,1441
Australia,Sydney,2024,9,168724,Cultural,14,3951.0,53.4,395,2-star,131.0,666598.0,27942,18.9,1343,452932,8,127011.0,54174164.46,2,5.6,1075
Germany,Munich,2021,5,57213,Medical,11,1636.0,72.8,383,Unrated,318.0,93590.0,44601,20.0,2409,403383,4.9,11422.0,19542140.14,1.4,5.5,3161
United States,Las Vegas,2022,11,154470,Family Visit,14,1361.0,70.8,180,4-star,154.0,210170.0,28763,7.6,1567,857039,7.2,60360.0,32009099.61,8.3,5.3,3279
Brazil,Rio de Janeiro,2023,7,101514,Family Visit,14,3768.0,51,316,Unrated,341.0,382542.0,25968,14.6,3861,505651,5.7,30323.0,31598373.29,2.1,8,6742
Singapore,Singapore City,2023,12,119893,Business,4,1708.0,64.6,220,2-star,241.0,204810.0,26168,6.3,2272,471001,7.4,22437.0,30629052.75,5,9.5,8828
Egypt,Luxor,2023,8,146134,Medical,5,4012.0,50.1,274,4-star,493.0,586307.0,27538,1.7,534,87310,3.6,111342.0,30942132.05,4.1,9.6,4539
Italy,Rome,2024,3,100255,Business,13,637.0,44.5,177,3-star,334.0,63868.0,27401,5.0,3884,801690,7.6,13210.0,28941563.95,9.6,8.4,7048
South Africa,Johannesburg,2022,9,160160,Educational,12,3810.0,44,441,2-star,429.0,610144.0,44873,5.4,3262,769831,3.9,64132.0,75293662.91,8.8,7.5,458
Turkey,Antalya,2023,9,152081,Leisure,10,1348.0,80.2,214,2-star,201.0,205043.0,44709,10.4,4308,284622,7,22590.0,60443225.79,7.8,6.6,8228
Spain,Madrid,2023,4,100227,Religious,5,617.0,54.3,450,Unrated,74.0,61793.0,21988,6.4,1097,895308,2.7,12002.0,16230415.38,4.2,8.5,816
United States,San Francisco,2020,9,152390,Business,8,3030.0,40.3,319,1-star,126.0,461666.0,38837,14.4,1863,87276,4.3,88746.0,68984451.95,9.5,8.7,3373
Italy,Florence,2020,4,160545,Family Visit,8,2029.0,76,438,4-star,136.0,325685.0,11554,7.8,3890,962752,7.7,38456.0,23600233.17,3.3,9.6,500
Turkey,Istanbul,2021,8,69239,Religious,9,3184.0,58.3,252,2-star,284.0,220441.0,26217,3.2,2910,851123,9.4,28015.0,31006364.4,7.9,6.2,8425
India,Delhi,2021,1,173313,Leisure,12,1399.0,58.6,395,4-star,140.0,242380.0,37471,3.2,752,104213,5.4,44890.0,74064315.14,2.5,9,3341
United Kingdom,London,2022,9,85825,Medical,11,2354.0,46.9,338,5-star,468.0,202039.0,16688,13.1,1212,601039,6.5,23026.0,22557445.84,7.1,6.1,1179
Canada,Vancouver,2023,4,175758,Medical,9,1684.0,76.2,471,3-star,359.0,295952.0,14777,9.2,4485,193953,3.9,27992.0,34404265.48,4.8,6.3,2753
China,Guangzhou,2024,6,177785,Cultural,12,3019.0,58,435,5-star,225.0,536685.0,29124,18.0,4683,442515,4,126717.0,28586418.7,2.2,6.7,5489
Brazil,Rio de Janeiro,2021,2,135283,Religious,5,785.0,46.6,257,5-star,335.0,106148.0,44349,11.6,921,748093,8.9,25273.0,14483136.08,5.7,7.6,1408
Italy,Venice,2020,9,167674,Leisure,5,4095.0,80.2,253,1-star,355.0,686670.0,25317,6.4,1939,465769,7,95366.0,71017218.67,3.7,7.9,9034
China,Beijing,2023,10,83734,Family Visit,7,1862.0,63,98,3-star,409.0,155950.0,43452,5.6,2415,898039,4.1,27221.0,23065962.89,3,5.7,3338
Germany,Frankfurt,2024,6,80408,Religious,4,3674.0,52.2,321,3-star,398.0,295427.0,5486,16.7,3696,551072,6.2,72866.0,8596838.84,5.9,9.3,338
Egypt,Luxor,2023,9,122379,Business,5,4701.0,57.2,181,2-star,349.0,575249.0,16864,4.4,3312,426826,5,49305.0,49649238.53,8.1,8.2,7904
India,Mumbai,2022,6,81113,Family Visit,15,3556.0,43.7,320,1-star,500.0,288460.0,10956,6.5,3465,85135,3.7,20658.0,8157642.88,5,9.2,9477
United States,San Francisco,2022,5,53262,Cultural,8,784.0,69.9,237,2-star,124.0,41776.0,20329,16.1,3920,461811,3.1,11293.0,12319609.03,2,9.4,4641
South Africa,Cape Town,2020,4,95771,Medical,8,1793.0,76.8,78,5-star,191.0,171685.0,43409,2.0,2501,466512,5.3,30179.0,21680095.86,7.6,9.4,6623
Australia,Brisbane,2023,10,62397,Cultural,13,2977.0,81.3,231,3-star,106.0,185784.0,18824,14.1,1282,819776,3.3,55651.0,10930106.4,2.3,5.5,8177
Canada,Vancouver,2020,8,86490,Leisure,10,2144.0,66.8,369,5-star,410.0,185394.0,18806,19.2,1416,669212,3.8,45143.0,10450496.97,1.1,9,1068
India,Delhi,2024,8,122833,Religious,4,1560.0,86.6,330,1-star,319.0,191626.0,46941,10.2,4029,50801,9.8,55848.0,22860157.08,8.3,6,9421
Brazil,Rio de Janeiro,2023,12,78363,Business,15,1805.0,82.6,64,2-star,280.0,141419.0,19855,18.8,3685,699362,4.3,28960.0,12832564.54,9.7,9.6,2989
Greece,Santorini,2021,8,59569,Leisure,3,4593.0,49.7,91,Unrated,189.0,273571.0,12612,12.4,3255,892329,4.9,40085.0,22393743.02,6.4,5.5,6720
Canada,Toronto,2020,11,174746,Medical,12,4964.0,71.5,248,3-star,82.0,867499.0,43677,17.6,1180,877363,3.7,128572.0,30031932.69,6.2,9.8,7686
Japan,Tokyo,2024,4,124408,Leisure,3,3290.0,57,364,5-star,246.0,409304.0,18541,4.6,3727,72948,7.9,41533.0,28448943.1,5.2,9.7,2417
Brazil,Rio de Janeiro,2024,10,151925,Business,3,4289.0,64.1,380,2-star,257.0,651596.0,19274,10.1,1793,216305,5.4,50765.0,22205537.84,8.2,7.6,8544
Brazil,Rio de Janeiro,2022,1,118295,Leisure,3,3395.0,53.1,391,5-star,154.0,401630.0,20248,16.2,3068,720397,9.1,27079.0,14584236.24,9.3,8.2,4910
South Africa,Johannesburg,2020,1,187863,Family Visit,11,2890.0,44.9,143,2-star,470.0,542999.0,14967,4.3,935,972451,8.9,101735.0,68095004.91,4.4,6.4,9107
Greece,Santorini,2021,7,124495,Religious,13,3443.0,65.6,363,4-star,108.0,428680.0,35418,9.5,3648,567561,6.1,62451.0,50156003.78,3.8,8,8433
United Arab Emirates,Dubai,2021,2,198348,Religious,2,826.0,54.5,201,1-star,111.0,163786.0,15892,14.5,3874,488895,8.1,18137.0,91903773.07,1.8,7.3,7731
India,Delhi,2023,5,89994,Medical,11,3662.0,87.8,356,Unrated,194.0,329543.0,23205,19.1,3151,649830,8.6,46316.0,32774724.84,5.2,6,8849
Mexico,Cancun,2022,8,110645,Leisure,10,4324.0,54.6,206,3-star,387.0,478461.0,17213,3.5,3637,681445,5.8,135742.0,48018016.95,8.6,6.5,3226
United Kingdom,London,2020,3,62120,Family Visit,13,2160.0,82.7,366,3-star,158.0,134207.0,24093,14.2,4905,225885,9.1,20282.0,17533385.29,7.4,9.1,830
Singapore,Sentosa Island,2022,3,197000,Business,4,4241.0,78.3,106,5-star,224.0,835400.0,42134,11.1,3416,917190,3.2,85259.0,39438056.2,8.3,6.4,2789
Greece,Santorini,2023,9,139110,Educational,9,4395.0,52.1,461,1-star,83.0,611444.0,12999,15.2,4121,168371,8.4,177256.0,58017910.86,6.4,7.5,1745
South Africa,Cape Town,2023,5,60435,Cultural,7,1185.0,73.3,59,4-star,167.0,71617.0,48005,12.1,901,678203,2.4,19032.0,12474300.76,6.3,7.5,7980
South Africa,Cape Town,2023,6,187521,Medical,14,2224.0,76.5,226,5-star,408.0,417002.0,33952,9.5,4984,861624,9.4,71286.0,55539902.03,2.1,9,8305
Australia,Sydney,2020,2,66365,Business,14,4599.0,87.2,395,5-star,178.0,305193.0,39012,3.5,3970,557730,4.5,33746.0,31178125.23,5.7,5.1,1009
China,Shanghai,2024,7,164110,Business,5,4125.0,42.9,112,5-star,337.0,676993.0,37624,11.9,1715,969199,4.7,111715.0,35951824.43,1.3,8,110
Turkey,Istanbul,2020,5,190302,Family Visit,3,4976.0,64.1,177,1-star,360.0,946880.0,18662,7.8,2289,986924,1.4,103360.0,86758604.94,1.1,6,7183
United States,Miami,2023,9,88262,Family Visit,10,1678.0,43.3,107,3-star,349.0,148061.0,12689,17.7,4890,531947,7.5,41394.0,23231986.89,2.7,7.6,6575
Spain,Barcelona,2024,5,195800,Business,2,3655.0,45.7,158,Unrated,105.0,715561.0,43699,15.9,1745,167408,1.6,85535.0,44995360.76,9.5,6.4,7081
South Africa,Cape Town,2024,12,105654,Leisure,12,523.0,85.9,414,1-star,332.0,55241.0,10958,15.0,2678,896626,2.2,13461.0,21756961.46,9.4,8.6,873
Australia,Sydney,2023,3,115888,Business,6,3450.0,52,167,Unrated,419.0,399852.0,32213,10.7,4977,636510,7.6,48754.0,45755526.77,1.6,9.3,5856
United Kingdom,Manchester,2022,8,192326,Business,8,3250.0,71.2,236,5-star,256.0,624984.0,20545,5.6,4608,534427,4.1,157455.0,46649863.67,1.9,9.8,9216
China,Shanghai,2024,1,59795,Medical,7,4010.0,78.6,379,4-star,265.0,239801.0,36042,12.3,3660,603669,6.4,45556.0,17613335.64,5.5,5.9,970
Spain,Barcelona,2022,8,130770,Leisure,9,1090.0,78.3,57,1-star,169.0,142521.0,20321,17.6,2212,692216,3.6,24610.0,36019886.99,7.8,7.1,7827
